fecha,Barcelona_fabra,Barcelona,Sabadell_aero,Garriga,Castellar,Llica,el_Mogent,Mogoda,Gramenet
2003-01-01,0.0,0.0,0.0,0.254,0.0327,0.155,0.3985,0.12,3.6275
2003-01-02,0.0,0.0,,0.254,0.0281,0.151,0.3745,0.106,3.9471
2003-01-03,0.0,0.0,,0.246,0.0225,0.145,0.375,0.101,4.0174
2003-01-04,0.0,0.0,0.0,0.251,0.03,0.145,0.3720000000000001,0.099,3.9316
2003-01-05,18.1,16.4,2.1,0.241,0.0328,0.146,0.3686,0.097,3.7913
2003-01-06,1.0,0.2,4.3,0.644,0.0559,0.205,1.0558,0.516,7.6332
2003-01-07,0.0,0.5,,0.317,0.039,0.168,0.6,0.189,4.6152
2003-01-08,2.1,1.1,,0.314,0.0386,0.163,0.519,0.159,4.7008
2003-01-09,0.0,0.0,,0.309,0.0315,0.158,0.4775,0.138,4.4481
2003-01-10,0.0,0.0,,0.309,0.0327,0.153,0.419,0.13,4.3258
2003-01-11,0.0,0.0,0.5,0.269,0.0324,0.147,0.374,0.125,3.9437
2003-01-12,0.0,0.0,0.0,0.259,0.0326,0.14400000000000002,0.3684,0.111,3.6819
2003-01-13,0.0,0.0,0.0,0.259,0.0369,0.138,0.4548,0.111,3.918
2003-01-14,0.0,0.0,0.0,0.264,0.0311,0.136,0.3755,0.118,3.9258
2003-01-15,0.0,0.0,0.0,0.254,0.032,0.134,0.4443,0.115,4.0599
2003-01-16,0.0,0.0,0.0,0.251,0.0314,0.134,0.4105,0.115,3.951
2003-01-17,0.0,0.0,0.0,0.231,0.0311,0.136,0.4418,0.111,3.891
2003-01-18,,0.0,0.0,0.241,0.0363,0.132,0.374,0.108,3.6617
2003-01-19,2.2,5.0,1.4,0.236,0.0366,0.13699999999999998,0.4113,0.118,3.7636
2003-01-20,1.2,0.8,2.0,0.236,0.0294,0.132,0.419,0.12,3.891
2003-01-21,0.0,0.0,0.0,0.251,0.0327,0.13699999999999998,0.4320000000000001,0.133,4.2605
2003-01-22,0.0,0.0,0.0,0.212,0.0282,0.132,0.3765,0.106,3.8531
2003-01-23,0.0,0.0,0.0,0.201,0.0275,0.127,0.374,0.097,3.8248
2003-01-24,0.0,0.0,0.0,0.192,0.025,0.125,0.3718,0.094,3.7537
2003-01-25,0.0,0.0,0.0,0.192,0.0276,0.124,0.3684,0.097,3.593
2003-01-26,0.0,0.0,0.0,0.183,0.0307,0.121,0.363,0.09,3.3292
2003-01-27,0.0,0.0,0.0,0.183,0.0202,0.116,0.3567,0.081,3.4093
2003-01-28,0.0,0.0,,0.222,0.0193,0.118,0.3616,0.085,3.6273
2003-01-29,0.0,0.0,,0.183,0.0225,0.12,0.3644,0.094,3.7451
2003-01-30,0.0,0.0,,0.192,0.0235,0.077,0.363,0.104,3.4239
2003-01-31,0.0,0.0,,0.187,0.0245,0.076,0.3539,0.24,3.6944
2003-02-01,0.0,0.0,,0.183,0.0261,0.07400000000000001,0.3422,0.195,3.1592
2003-02-02,0.0,0.0,,0.172,0.024,0.073,0.3396,0.18600000000000005,2.9032
2003-02-03,0.0,0.0,,0.157,0.0253,0.07200000000000001,0.3319,0.118,3.2394
2003-02-04,0.0,0.0,0.0,0.161,0.0183,0.07,0.3168,0.064,3.4481
2003-02-05,0.0,0.0,0.0,0.159,0.0186,0.066,0.3308,0.077,3.2706
2003-02-06,0.0,0.0,0.0,0.159,0.0223,0.065,0.3181,0.056,3.1497
2003-02-07,0.0,0.0,0.0,0.145,0.0247,0.063,0.3124,0.056,3.2968
2003-02-08,0.0,0.0,0.1,0.13699999999999998,0.0229,0.065,0.3083,0.048,2.7691
2003-02-09,,0.0,0.0,0.133,0.0215,0.064,0.2927,0.044,2.5629
2003-02-10,0.0,0.0,0.0,0.133,0.0195,0.059,0.3148,0.043,2.9599
2003-02-11,0.0,0.0,0.0,0.133,0.0213,0.05,0.3049,0.044,2.998
2003-02-12,0.6,0.1,0.8,0.141,0.0249,0.053,0.3571,0.046,3.1597
2003-02-13,27.0,21.0,19.1,0.151,0.0234,0.053,0.3287,0.056,4.2208
2003-02-14,4.2,3.2,1.5,0.145,0.0277,0.053,0.332,0.085,4.8252
2003-02-15,0.2,0.0,0.5,0.133,0.029,0.037000000000000005,0.305,0.06,3.0068
2003-02-16,0.0,0.0,0.2,0.131,0.0258,0.034,0.2921,0.048,2.6047
2003-02-17,0.7,0.0,0.6,0.127,0.0272,0.02,0.2877,0.052000000000000005,2.9438
2003-02-18,1.4,1.2,,0.139,0.0254,0.031,0.3353,0.077,3.5157
2003-02-19,23.3,14.1,,0.261,0.0364,0.091,0.7245,0.324,5.4025
2003-02-20,15.7,8.3,,1.393,0.1823,0.226,1.806,1.01,22.9492
2003-02-21,,0.0,,1.589,0.0631,0.226,1.4191,0.461,17.8199
2003-02-22,2.2,4.6,4.6,1.215,0.0511,0.203,1.2444,0.195,7.0729
2003-02-23,0.0,0.0,0.3,0.97,0.0434,0.198,1.0479,0.14800000000000002,5.7063
2003-02-24,2.2,1.0,1.7,0.7829999999999999,0.0414,0.199,1.1146,0.138,5.7638
2003-02-25,34.7,16.7,28.8,0.8540000000000001,0.0632,0.22,1.0715,0.61,9.14
2003-02-26,29.0,7.5,,19.776,7.8808,0.455,4.6426,2.501,86.3216
2003-02-27,13.3,9.1,,11.888,2.8252,0.415,11.8325,3.5860000000000003,86.4959
2003-02-28,0.0,0.0,,2.611,0.4055,0.3,2.8317,1.5630000000000002,28.013
2003-03-01,0.0,0.0,0.0,1.879,0.1373,0.257,1.6425,1.063,17.6048
2003-03-02,0.0,0.0,0.0,1.526,0.1094,0.219,1.5374,0.706,7.8734
2003-03-03,0.0,0.0,,1.383,0.097,0.181,1.4955,0.573,7.8325
2003-03-04,0.0,11.5,,1.235,0.0883,0.17,1.4549,0.49,7.5115
2003-03-05,0.3,11.7,0.5,1.185,0.0939,0.17,1.4678,0.465,7.5726
2003-03-06,0.0,0.0,0.0,1.092,0.0882,0.17,1.4152,0.39,7.3248
2003-03-07,0.0,0.0,0.0,1.016,0.0817,0.17,1.3724,0.36,6.983
2003-03-08,0.0,0.0,0.0,0.867,0.0808,0.17,1.3672,0.313,6.4419
2003-03-09,0.0,0.0,0.0,0.738,0.0775,0.17,1.3243,0.28600000000000003,6.0365
2003-03-10,0.0,0.0,0.0,0.679,0.0712,0.17,1.2717,0.276,6.2801
2003-03-11,0.0,0.0,,0.6409999999999999,0.0683,0.17,1.2047,0.276,6.1715
2003-03-12,0.0,0.0,,0.609,0.0661,0.17,1.1491,0.243,6.1027
2003-03-13,0.0,0.0,0.0,0.546,0.0628,0.17,1.1025,0.225,5.8266
2003-03-14,0.0,0.0,0.0,0.507,0.0623,0.17,1.0386,0.207,5.6244
2003-03-15,2.7,0.0,1.9,0.474,0.0638,0.17,0.9718,0.201,5.4682
2003-03-16,0.0,0.0,0.0,0.407,0.0658,0.17,0.8979,0.21600000000000005,5.0626
2003-03-17,0.0,0.0,0.0,0.395,0.0636,0.17,0.7188,0.207,5.1862
2003-03-18,0.0,0.0,0.0,0.413,0.0633,0.17,0.6759,0.189,5.1046
2003-03-19,0.0,0.0,0.0,0.38,0.0629,0.17,0.6776,0.184,5.1065
2003-03-20,0.0,0.0,,0.371,0.0585,0.17,0.6634,0.181,5.0217
2003-03-21,0.0,0.0,,0.38,0.059,0.17,0.9236,0.153,5.1509
2003-03-22,0.0,0.0,0.0,0.342,0.0555,0.17,0.8544,0.14800000000000002,4.8651
2003-03-23,0.0,0.0,0.0,0.325,0.0538,0.17,0.6172,0.135,4.4748
2003-03-24,0.0,0.0,0.0,0.317,0.0526,0.17,0.4744,0.13,4.4896
2003-03-25,0.0,0.0,0.0,0.311,0.053,0.17,0.5071,0.133,4.6539
2003-03-26,0.0,0.0,0.0,0.311,0.0543,0.17,0.9316,0.13,5.0472
2003-03-27,1.9,0.8,2.8,0.317,0.0488,0.163,1.0559,0.135,5.1775
2003-03-28,8.2,2.0,10.0,0.536,0.0755,0.163,1.1437,0.313,6.7569
2003-03-29,0.0,0.1,10.3,0.604,0.0668,0.163,1.2585,0.303,6.3654
2003-03-30,2.3,2.4,1.3,0.423,0.0557,0.163,1.0982,0.207,5.5142
2003-03-31,0.4,1.1,1.3,0.395,0.0573,0.163,1.0313,0.21,5.4785
2003-04-01,0.0,0.0,0.0,0.362,0.055,0.163,1.1596,0.18600000000000005,5.5266
2003-04-02,0.7,2.1,0.0,0.368,0.0569,0.163,1.2005,0.17800000000000002,5.4983
2003-04-03,0.0,0.0,0.0,0.413,0.0509,0.159,1.1691,0.151,5.3947
2003-04-04,0.0,0.0,0.0,0.322,0.0454,0.158,1.0301,0.135,5.12
2003-04-05,0.0,0.0,0.0,0.292,0.0428,0.149,0.7731,0.125,4.538
2003-04-06,0.0,0.0,0.0,0.264,0.0424,0.14300000000000002,0.6666,0.094,4.011
2003-04-07,0.0,0.0,0.0,0.259,0.0438,0.141,0.6822,0.101,4.4422
2003-04-08,,0.0,0.0,0.274,0.0471,0.124,0.5755,0.101,4.3209
2003-04-09,7.8,5.8,8.5,0.259,0.0503,0.129,0.5091,0.101,4.3651
2003-04-10,0.0,0.0,2.2,0.59,0.0542,0.195,0.9814,0.397,6.9762
2003-04-11,0.0,0.0,0.0,0.325,0.0462,0.151,1.0308,0.153,4.7063
2003-04-12,0.0,0.0,0.0,0.282,0.0497,0.147,0.7712,0.113,4.0917
2003-04-13,0.0,0.0,0.0,0.259,0.044,0.141,0.513,0.101,3.3622
2003-04-14,3.1,0.0,1.1,0.251,0.0505,0.145,0.6791,0.09,4.1972
2003-04-15,,0.1,0.1,0.259,0.0454,0.139,0.9367,0.113,4.6669
2003-04-16,0.0,0.0,0.0,0.251,0.0406,0.12,0.7308,0.104,4.1661
2003-04-17,0.0,0.0,0.0,0.241,0.0393,0.11,0.6765,0.052000000000000005,3.7335
2003-04-18,0.0,0.0,0.0,0.241,0.0391,0.058,0.6443,0.044,3.2143
2003-04-19,3.6,2.3,0.3,0.241,0.0444,0.042,0.6195,0.046,3.1846
2003-04-20,1.3,0.6,0.2,0.241,0.0461,0.042,0.6559,0.075,3.3797
2003-04-21,0.0,0.0,0.0,0.241,0.0426,0.042,0.5946,0.066,3.3428
2003-04-22,0.0,0.0,,0.236,0.0436,0.042,0.7025,0.066,3.8102
2003-04-23,0.0,0.0,,0.234,0.0461,0.042,0.8112,0.048,3.9744
2003-04-24,0.0,0.0,0.0,0.236,0.0439,0.041,0.9814,0.043,4.2112
2003-04-25,0.0,0.0,0.0,0.231,0.0416,0.041,0.7137,0.052000000000000005,3.8929
2003-04-26,,0.0,0.0,0.231,0.045,0.041,0.6639,0.066,3.5835
2003-04-27,0.0,0.0,0.0,0.227,0.04,0.04,0.6139,0.041,3.3338
2003-04-28,0.0,0.0,0.0,0.222,0.0333,0.041,0.5852,0.032,3.628
2003-04-29,,0.0,0.3,0.203,0.0383,0.04,0.6306,0.031,3.7284
2003-04-30,0.0,0.0,0.0,0.194,0.0398,0.04,0.6626,0.03,3.7164
2003-05-01,,0.0,0.3,0.19,0.0347,0.041,0.5837,0.029,3.2744
2003-05-02,0.0,0.0,0.0,0.205,0.0384,0.041,0.5849,0.027000000000000003,3.2243
2003-05-03,0.0,0.0,0.0,0.205,0.0387,0.041,0.5823,0.024,3.1091
2003-05-04,0.0,0.0,0.0,0.205,0.0333,0.042,0.605,0.023,3.111
2003-05-05,2.1,0.5,0.6,0.201,0.041,0.043,0.6245,0.022,3.5989
2003-05-06,18.4,5.8,8.3,0.196,0.0485,0.044,0.6362,0.029,3.8087
2003-05-07,1.1,0.4,1.1,0.285,0.057,0.084,0.9429,0.17800000000000002,5.9491
2003-05-08,0.0,0.0,0.0,0.22,0.0527,0.081,0.6821,0.043,3.9765
2003-05-09,0.0,0.0,0.0,0.201,0.0416,0.07,0.5379999999999999,0.032,3.7211
2003-05-10,0.0,0.0,0.0,0.196,0.0387,0.056,0.4199,0.03,3.2516
2003-05-11,0.0,0.0,0.0,0.192,0.0385,0.045,0.4258,0.026,3.1704
2003-05-12,0.0,0.0,0.0,0.192,0.0361,0.043,0.3691,0.018000000000000002,2.9606
2003-05-13,0.0,0.0,0.0,0.092,0.046,0.042,0.2501,0.008,3.1239
2003-05-14,0.0,0.0,0.0,0.092,0.0431,0.042,0.2445,0.004,3.1195
2003-05-15,,0.0,0.0,0.094,0.0494,0.043,0.2701,0.0,3.1512
2003-05-16,0.4,0.4,0.8,0.094,0.0506,0.043,0.3035,0.019,3.3574
2003-05-17,0.0,0.0,0.0,0.133,0.0549,0.061,0.3228,0.042,3.2454
2003-05-18,0.0,0.0,0.0,0.11,0.0504,0.059,0.3079,0.026,2.8567
2003-05-19,3.5,13.5,6.7,0.101,0.0485,0.046,0.2735,0.0,3.4035
2003-05-20,0.0,0.0,0.0,0.102,0.0521,0.048,0.3286,0.064,3.6202
2003-05-21,0.0,0.0,0.0,0.104,0.0549,0.044,0.3172,0.02,3.3095
2003-05-22,0.0,0.0,0.0,0.104,0.0568,0.043,0.3273,0.01,3.2445
2003-05-23,0.0,0.0,0.0,0.104,0.0539,0.042,0.3357,0.0,3.2325
2003-05-24,20.0,14.4,13.0,0.104,0.0577,0.042,0.3238,0.0,2.9930000000000003
2003-05-25,7.2,1.0,14.4,0.264,0.0694,0.15,0.7765,0.269,6.8835
2003-05-26,0.2,0.0,0.0,0.14300000000000002,0.056,0.112,0.5118,0.111,4.1625
2003-05-27,,0.0,0.0,0.108,0.0522,0.096,0.4024,0.037000000000000005,3.6354
2003-05-28,0.0,0.0,0.0,0.092,0.0483,0.086,0.3826,0.026,3.4356
2003-05-29,0.0,0.0,0.0,0.092,0.0519,0.083,0.3655,0.021,3.38
2003-05-30,0.0,0.0,0.0,0.092,0.0473,0.079,0.3418,0.018000000000000002,3.2336
2003-05-31,0.0,0.0,0.0,0.092,0.039,0.08,0.3331,0.009000000000000001,2.9674
2003-06-01,0.0,0.0,0.0,0.092,0.0444,0.068,0.3253,0.0,2.8065
2003-06-02,0.0,0.0,0.0,0.092,0.046,0.073,0.3289,0.0,3.0567
2003-06-03,0.0,0.0,0.0,0.048,0.0531,0.052000000000000005,0.3313,0.0,3.1022
2003-06-04,0.0,0.0,0.0,0.017,0.057,0.047,0.3111,0.0,3.062
2003-06-05,,0.0,0.0,0.022,0.0568,0.043,0.3056,0.0,3.0954
2003-06-06,0.0,0.0,0.0,0.023,0.0582,0.045,0.3204,0.0,3.0851
2003-06-07,0.0,0.0,0.0,0.019,0.0557,0.042,0.3179,0.0,2.8212
2003-06-08,0.0,0.0,0.0,0.018000000000000002,0.0613,0.041,0.3238,0.0,2.4991
2003-06-09,0.0,0.0,0.0,0.018000000000000002,0.062,0.04,0.3243,0.0,2.8280000000000003
2003-06-10,0.0,0.0,0.0,0.018000000000000002,0.068,0.04,0.3336,0.0,3.0036
2003-06-11,0.0,0.0,0.0,0.014,0.0661,0.038,0.3179,0.0,2.9877
2003-06-12,0.0,0.0,,0.013,0.0657,0.038,0.2998,0.0,2.9628
2003-06-13,0.0,0.0,,0.013,0.0565,0.038,0.3978,0.0,3.0401
2003-06-14,,0.0,0.0,0.013,0.0352,0.038,0.3521,0.0,2.6664
2003-06-15,0.0,0.0,0.0,0.013,0.0144,0.037000000000000005,0.3317,0.0,2.4943
2003-06-16,0.0,0.0,0.0,0.013,0.0157,0.037000000000000005,0.3306,0.0,2.8853
2003-06-17,,0.0,0.0,0.01,0.0153,0.038,0.3345,0.0,2.995
2003-06-18,0.0,0.0,0.0,0.01,0.0115,0.039,0.3219,0.0,3.0158
2003-06-19,0.0,0.0,0.0,0.017,0.0105,0.038,0.2922,0.0,2.8923
2003-06-20,0.0,0.0,0.0,0.013,0.0114,0.038,0.2798,0.0,2.8528
2003-06-21,0.0,0.0,0.0,0.013,0.0138,0.037000000000000005,0.273,0.0,2.5166
2003-06-22,0.0,0.0,0.0,0.013,0.0091,0.036000000000000004,0.267,0.0,2.2784
2003-06-23,0.0,0.0,0.0,0.013,0.0097,0.036000000000000004,0.2415,0.0,2.3125
2003-06-24,,0.0,0.0,0.013,0.0215,0.036000000000000004,0.2178,0.0,2.1989
2003-06-25,0.0,0.0,0.0,0.013,0.0262,0.035,0.2287,0.0,2.7510000000000003
2003-06-26,0.0,0.0,0.0,0.013,0.0402,0.035,0.2624,0.0,2.8743
2003-06-27,0.0,0.0,6.4,0.013,0.0459,0.035,0.3176,0.0,3.6983
2003-06-28,,0.0,0.0,0.053,0.0445,0.035,0.3118,0.02,2.8473
2003-06-29,0.0,0.0,0.0,0.018000000000000002,0.0309,0.035,0.3083,0.0,2.3569
2003-06-30,0.0,0.0,0.0,0.016,0.0231,0.034,0.3148,0.0,2.7814
2003-07-01,0.0,0.0,,0.013,0.0269,0.033,0.2765,0.0,2.7658
2003-07-02,0.0,0.0,,0.013,0.0328,0.033,0.2588,0.0,2.7932
2003-07-03,1.5,0.0,,0.013,0.0341,0.032,0.2297,0.0,2.7292
2003-07-04,2.1,2.6,0.0,0.014,0.0342,0.034,0.2649,0.0,2.8412
2003-07-05,0.0,0.0,0.0,0.014,0.0267,0.033,0.2635,0.0,2.5062
2003-07-06,0.0,0.0,0.0,0.014,0.033,0.033,0.2513,0.0,2.1637
2003-07-07,0.0,0.0,,0.014,0.0317,0.032,0.2268,0.0,2.6374
2003-07-08,0.5,0.3,,0.011,0.0375,0.031,0.2738,0.0,2.7782
2003-07-09,0.2,0.2,,0.01,0.0402,0.031,0.2647,0.0,2.8681
2003-07-10,0.0,0.0,0.0,0.01,0.0331,0.03,0.2783,0.0,2.8565
2003-07-11,0.0,0.0,,0.009000000000000001,0.024,0.03,0.2523,0.0,2.7392
2003-07-12,0.0,0.0,,0.008,0.0248,0.03,0.1608,0.0,2.3835
2003-07-13,0.0,0.0,,0.008,0.0239,0.03,0.1309,0.0,1.9825
2003-07-14,0.0,0.0,,0.006999999999999999,0.0369,0.03,0.1231,0.0,2.4592
2003-07-15,0.0,0.0,,0.008,0.0528,0.03,0.1252,0.0,2.5575
2003-07-16,0.0,0.0,,0.008,0.0492,0.029,0.1244,0.0,2.543
2003-07-17,0.0,0.0,,0.009000000000000001,0.0447,0.029,0.1315,0.0,2.5551
2003-07-18,0.0,0.0,0.0,0.009000000000000001,0.0285,0.029,0.1376,0.0,2.6587
2003-07-19,0.0,0.0,0.0,0.009000000000000001,0.0223,0.028,0.2027,0.0,2.4021
2003-07-20,,0.0,0.0,0.008,0.0357,0.028,0.2076,0.0,2.2258
2003-07-21,0.0,0.0,0.0,0.008,0.0268,0.027000000000000003,0.2056,0.0,2.5493
2003-07-22,0.0,0.0,0.0,0.008,0.0373,0.026,0.1948,0.0,2.6592
2003-07-23,0.0,0.0,0.0,0.006999999999999999,0.0405,0.027000000000000003,0.1848,0.0,2.6443
2003-07-24,0.0,0.0,0.0,0.017,0.0484,0.027000000000000003,0.1392,0.0,2.6143
2003-07-25,0.0,0.0,0.0,0.011,0.0537,0.027000000000000003,0.1706,0.0,2.6316
2003-07-26,0.0,0.0,0.0,0.008,0.0354,0.026,0.1375,0.0,2.2937
2003-07-27,0.0,0.0,0.0,0.006999999999999999,0.0364,0.026,0.1209,0.0,1.9851
2003-07-28,0.0,0.0,0.0,0.006999999999999999,0.0433,0.01,0.1127,0.0,2.3408
2003-07-29,0.0,0.0,0.0,0.008,0.043,0.0,0.2999,0.0,2.5462
2003-07-30,0.0,0.0,0.0,0.07200000000000001,0.0292,0.0,0.1516,0.0,2.4645
2003-07-31,0.0,0.0,0.0,0.3,0.0343,0.044,0.2527,0.0,2.8760000000000003
2003-08-01,0.0,0.0,0.0,0.053,0.036000000000000004,0.03,0.1745,0.0,2.5345
2003-08-02,0.0,0.0,0.0,0.033,0.0273,0.03,0.1377,0.0,2.0658
2003-08-03,0.0,0.0,0.0,0.022,0.0274,0.03,0.2255,0.0,1.9528
2003-08-04,0.0,0.0,0.0,0.016,0.027000000000000003,0.03,0.6283,0.0,2.6347
2003-08-05,0.0,0.0,0.0,0.01,0.0226,0.03,0.8,0.0,2.8031
2003-08-06,0.0,0.0,0.0,0.009000000000000001,0.0254,0.03,0.3505,0.0,2.3295
2003-08-07,0.0,0.0,0.0,0.009000000000000001,0.024,0.029,0.2573,0.0,2.1985
2003-08-08,0.0,0.0,0.0,0.009000000000000001,0.0212,0.029,0.4624,0.0,2.3803
2003-08-09,0.0,0.0,0.0,0.009000000000000001,0.0218,0.029,0.2149,0.0,1.921
2003-08-10,0.0,0.0,0.0,0.009000000000000001,0.0198,0.029,0.1779,0.0,1.7749
2003-08-11,0.0,0.0,0.0,0.009000000000000001,0.0166,0.028,0.1506,0.0,1.9245
2003-08-12,0.0,0.0,0.0,0.009000000000000001,0.0208,0.028,0.4351,0.0,2.1845
2003-08-13,0.0,0.0,0.0,0.009000000000000001,0.0175,0.028,0.25,0.0,2.0205
2003-08-14,0.0,0.0,0.0,0.009000000000000001,0.0138,0.027000000000000003,0.2322,0.0,1.8953
2003-08-15,0.0,0.0,0.0,0.009000000000000001,0.0196,0.026,0.2346,0.0,1.8814
2003-08-16,0.0,0.0,,0.009000000000000001,0.0294,0.027000000000000003,0.2379,0.0,1.822
2003-08-17,16.3,14.6,,0.3,0.0687,0.107,0.7581,0.234,10.3401
2003-08-18,0.0,0.0,0.0,0.145,0.0128,0.035,0.3641,0.085,5.0779
2003-08-19,0.0,0.0,0.0,0.039,0.0112,0.033,0.3281,0.0,3.6959
2003-08-20,0.0,0.0,0.0,0.03,0.0095,0.034,0.8003,0.0,3.7773
2003-08-21,,0.0,0.0,0.018000000000000002,0.0095,0.034,1.0276,0.0,3.929
2003-08-22,0.0,0.0,0.0,0.018000000000000002,0.0089,0.033,0.6782,0.0,3.4121
2003-08-23,0.0,0.0,0.0,0.018000000000000002,0.0098,0.033,0.3326,0.0,2.7641
2003-08-24,0.0,0.0,0.0,0.016,0.0084,0.033,0.3109,0.0,2.6154
2003-08-25,0.0,0.0,0.0,0.013,0.0519,0.032,0.7513,0.0,3.2678
2003-08-26,0.0,0.0,0.0,0.016,0.08199999999999999,0.031,0.3654,0.0,2.888
2003-08-27,0.0,0.0,0.0,0.016,0.0665,0.03,0.2876,0.0,2.8224
2003-08-28,0.0,0.0,0.0,0.018000000000000002,0.0999,0.03,0.2511,0.0,2.7665
2003-08-29,0.0,0.0,0.0,0.017,0.0911,0.03,0.2925,0.0,2.7106
2003-08-30,0.0,0.0,,0.013,0.0921,0.03,0.354,0.0,2.5503
2003-08-31,15.1,16.7,,0.019,0.1136,0.03,1.0336,0.0,3.3236
2003-09-01,0.0,0.0,0.0,0.306,0.1082,0.147,0.9819,0.331,9.6687
2003-09-02,0.4,0.0,0.0,0.217,0.0073,0.041,0.4473,0.0,6.3212
2003-09-03,,0.0,0.0,0.097,0.006999999999999999,0.036000000000000004,0.4077,0.0,5.3198
2003-09-04,0.9,0.5,0.0,0.047,0.0073,0.036000000000000004,0.6234,0.0,5.1635
2003-09-05,15.6,3.3,0.0,0.039,0.0077,0.036000000000000004,0.5873,0.0,4.9576
2003-09-06,0.0,0.0,,0.038,0.0076,0.036000000000000004,0.4462,0.035,5.7477
2003-09-07,23.6,6.1,,0.117,0.0364,0.188,1.1605,0.638,11.4942
2003-09-08,0.8,0.2,0.0,0.141,0.0117,0.076,0.937,0.153,5.3673
2003-09-09,0.0,0.0,0.5,0.065,0.0073,0.044,0.5489999999999999,0.016,4.4702
2003-09-10,0.0,0.0,0.0,0.054000000000000006,0.0069,0.039,0.7229,0.0,4.381
2003-09-11,0.0,0.0,0.0,0.05,0.0071,0.036000000000000004,0.5198,0.0,3.7577
2003-09-12,0.0,0.0,0.0,0.045,0.006999999999999999,0.035,0.423,0.039,3.5896
2003-09-13,0.0,0.0,0.0,0.041,0.006999999999999999,0.035,0.6185,0.0,3.4904
2003-09-14,0.0,0.0,0.0,0.037000000000000005,0.0068,0.035,0.6647,0.0,3.3621
2003-09-15,0.0,0.0,0.0,0.028,0.0394,0.035,0.4802,0.0,3.3583
2003-09-16,0.0,0.0,0.3,0.031,0.105,0.034,0.3547,0.0,3.3348
2003-09-17,0.0,0.0,0.0,0.028,0.1248,0.034,0.3406,0.0,3.2069
2003-09-18,0.0,0.0,0.0,0.026,0.1892,0.033,0.3388,0.0,3.1128
2003-09-19,0.0,0.0,0.0,0.027000000000000003,0.125,0.033,0.3341,0.0,3.0731
2003-09-20,0.0,0.0,0.0,0.031,0.0425,0.032,0.3241,0.0,2.4971
2003-09-21,,0.0,0.0,0.024,0.0933,0.032,0.3089,0.0,2.5571
2003-09-22,1.5,2.7,0.2,0.027000000000000003,0.0922,0.037000000000000005,0.3112,0.0,3.037
2003-09-23,4.1,4.0,0.1,0.438,0.054000000000000006,0.204,0.7831,0.433,5.2775
2003-09-24,0.4,0.8,0.0,0.099,0.0075,0.076,0.3547,0.046,3.1451
2003-09-25,0.0,0.0,0.0,0.08,0.0071,0.047,0.3457,0.0,2.9737
2003-09-26,0.2,0.0,,0.067,0.0072,0.044,0.341,0.0,2.9236
2003-09-27,27.5,24.5,,0.078,0.0152,0.104,0.968,0.192,4.1491
2003-09-28,2.5,0.3,0.0,0.095,0.0088,0.057,0.4451,0.058,3.1346
2003-09-29,0.0,0.0,,0.536,0.0099,0.085,0.5847,0.019,3.9115
2003-09-30,20.4,37.5,,0.133,0.0142,0.104,0.6241,0.146,4.1012
2003-10-01,0.0,0.0,0.0,0.6409999999999999,0.0204,0.134,0.6572,0.386,5.1636
2003-10-02,0.0,0.0,0.0,0.203,0.0086,0.119,0.4099,0.092,3.5581
2003-10-03,0.0,0.0,0.0,0.121,0.0071,0.11,0.3545,0.013,3.3129
2003-10-04,,0.0,0.0,0.09,0.0078,0.098,0.3522,0.002,2.8549
2003-10-05,0.0,0.0,0.0,0.075,0.0079,0.081,0.3556,0.0,2.6008
2003-10-06,0.0,0.0,0.1,0.073,0.0084,0.068,0.3383,0.0,2.8808
2003-10-07,0.0,0.0,0.0,0.068,0.0096,0.058,0.7213,0.0,3.2932
2003-10-08,0.0,0.0,0.0,0.067,0.0091,0.048,0.3639,0.0,2.8855
2003-10-09,0.0,0.0,0.0,0.062,0.0119,0.045,0.331,0.0,3.796
2003-10-10,0.0,0.0,0.0,0.059,0.0116,0.05,0.3337,0.0,5.9206
2003-10-11,0.0,0.0,0.4,0.06,0.0101,0.046,0.3288,0.0,5.6834
2003-10-12,,0.0,0.8,0.06,0.0106,0.04,0.33,0.0,5.4853
2003-10-13,0.0,0.0,0.1,0.097,0.009000000000000001,0.039,0.3378,0.0,6.1296
2003-10-14,5.6,6.2,1.1,0.17800000000000002,0.0103,0.042,0.3416,0.0,6.1597
2003-10-15,4.6,3.7,5.7,0.099,0.1103,0.048,0.4061,0.0,7.0438
2003-10-16,46.9,31.3,38.4,0.261,,0.071,0.6968,0.058,7.9876
2003-10-17,26.3,0.0,29.6,0.8759999999999999,,0.177,1.2099,1.051,34.1007
2003-10-18,,0.0,0.1,2.0340000000000003,,0.188,1.4792,0.564,28.7781
2003-10-19,19.4,6.0,13.8,1.372,0.029,0.227,1.3809,0.421,25.2785
2003-10-20,0.0,0.0,0.0,1.3130000000000002,0.0165,0.184,1.9791,0.243,20.9917
2003-10-21,4.6,0.5,0.9,0.7659999999999999,0.0182,0.161,1.2451,0.046,16.7901
2003-10-22,10.2,4.6,7.6,0.4320000000000001,0.0107,0.16899999999999998,1.1337,0.189,9.6899
2003-10-23,0.0,0.0,0.0,0.311,0.0159,0.14300000000000002,1.0847,0.058,8.1923
2003-10-24,0.0,0.0,0.0,0.199,0.009000000000000001,0.132,0.7679,0.036000000000000004,7.4783
2003-10-25,0.0,0.0,0.2,0.153,0.0127,0.128,0.6758,0.026,6.8984
2003-10-26,9.9,6.4,16.8,0.556,0.0445,0.196,0.9815,0.345,10.4557
2003-10-27,10.7,5.2,4.5,1.13,0.0407,0.18,1.1463,0.234,9.8343
2003-10-28,1.2,0.7,0.3,0.7659999999999999,0.023,0.168,1.014,0.14800000000000002,9.1888
2003-10-29,0.0,0.1,0.0,0.746,0.0318,0.16399999999999998,0.8491,0.092,8.3783
2003-10-30,,0.0,0.0,0.447,0.0221,0.155,0.7351,0.079,7.8564
2003-10-31,11.4,4.2,1.2,0.742,0.0338,0.16,0.9924,0.104,8.7261
2003-11-01,0.0,2.1,0.0,1.111,0.0267,0.157,1.1193,0.079,8.7691
2003-11-02,0.0,0.0,0.0,0.7140000000000001,0.106,0.154,1.0584,0.056,7.98
2003-11-03,0.0,0.0,0.0,0.46,0.0164,0.14800000000000002,0.8667,0.041,7.691
2003-11-04,0.0,0.0,0.0,0.348,0.0173,0.14,0.7599,0.034,7.4523
2003-11-05,0.0,0.0,0.0,0.269,0.0162,0.13699999999999998,0.7372,0.031,7.3332
2003-11-06,0.0,0.0,0.0,0.208,0.0267,0.135,0.7087,0.029,7.2195
2003-11-07,0.0,0.0,0.0,0.187,0.0136,0.138,0.7037,0.029,7.2861
2003-11-08,2.0,0.0,2.3,0.19,0.0964,0.131,0.6974,0.026,6.978
2003-11-09,0.1,0.0,0.6,0.234,0.0172,0.133,0.7678,0.039,7.3379
2003-11-10,0.5,0.0,0.2,0.192,0.0206,0.124,0.6764,0.027000000000000003,7.026
2003-11-11,0.0,1.0,0.0,0.17,0.1151,0.118,0.7595,0.019,7.0416
2003-11-12,0.0,0.0,0.0,0.161,0.0204,0.114,0.6377,0.022,6.8712
2003-11-13,0.0,0.2,0.0,0.157,0.0168,0.11,0.6989,0.019,6.9377
2003-11-14,0.0,0.0,0.0,0.151,0.0219,0.108,0.6368,0.013,5.8415
2003-11-15,1.0,0.1,3.5,0.155,0.0237,0.106,0.6273,0.008,4.7638
2003-11-16,4.3,5.7,0.5,0.267,0.0381,0.134,0.6283,0.073,5.6824
2003-11-17,,0.1,0.0,0.238,0.0326,0.139,0.63,0.047,5.4421
2003-11-18,0.0,0.0,0.0,0.188,0.0291,0.138,0.6557,0.039,5.2197
2003-11-19,0.0,0.0,1.3,0.16899999999999998,0.0242,0.136,0.569,0.041,5.0360000000000005
2003-11-20,0.0,0.0,0.0,0.168,0.023,0.135,0.6212,0.04,5.0646
2003-11-21,0.0,0.0,0.0,0.162,0.018000000000000002,0.134,0.5946,0.037000000000000005,5.1267
2003-11-22,,0.0,0.1,0.163,0.017,0.129,0.5689,0.046,4.834
2003-11-23,5.4,2.1,9.6,0.16899999999999998,0.0424,0.131,0.502,0.045,4.8437
2003-11-24,0.0,0.0,0.0,1.996,0.0878,0.366,1.4129,0.314,10.714
2003-11-25,0.0,0.0,0.0,1.372,0.0811,0.278,1.0756,0.195,8.1054
2003-11-26,0.7,0.4,3.6,1.102,0.0763,0.238,0.8757,0.107,7.2304
2003-11-27,0.0,0.0,0.0,0.84,0.0795,0.219,0.9693,0.127,7.4662
2003-11-28,0.0,0.0,0.0,0.583,0.0751,0.205,0.7983,0.086,6.2884
2003-11-29,0.0,0.0,0.0,0.448,0.0739,0.196,0.6452,0.071,5.7367
2003-11-30,2.6,1.3,2.9,0.381,0.0682,0.188,0.5361,0.075,5.2266
2003-12-01,4.6,7.1,5.4,0.672,0.0877,0.209,0.9279,0.254,7.5965
2003-12-02,0.0,1.3,0.0,0.69,0.0836,0.205,0.9958,0.161,6.9161
2003-12-03,19.7,15.3,17.9,0.773,0.0839,0.212,0.9665,0.133,7.3643
2003-12-04,4.6,1.1,10.2,11.258,0.3878,0.472,2.3191,1.481,54.9812
2003-12-05,1.3,0.0,1.4,1.793,0.2464,0.436,1.4286,0.961,26.4467
2003-12-06,0.0,0.0,,1.533,0.111,0.361,1.3479,0.462,20.2119
2003-12-07,4.6,1.8,,1.315,0.0958,0.32299999999999995,1.2939,0.34600000000000003,8.9322
2003-12-08,0.0,0.0,0.0,1.199,0.0862,0.295,1.3007,0.317,9.0154
2003-12-09,0.0,0.0,0.0,1.085,0.0755,0.27,1.26,0.221,8.3175
2003-12-10,0.0,0.0,0.0,0.944,0.0707,0.258,1.2296,0.207,8.0509
2003-12-11,0.0,0.0,0.0,0.754,0.0622,0.229,1.2036,0.197,7.5404
2003-12-12,0.0,0.0,0.0,0.68,0.056,0.226,1.1866,0.18,7.4432
2003-12-13,0.0,0.0,0.0,0.616,0.0473,0.214,1.0726,0.155,6.8035
2003-12-14,0.0,0.0,0.0,0.534,0.0459,0.211,0.9707,0.139,6.3099
2003-12-15,0.0,0.0,0.0,0.482,0.0409,0.206,1.068,0.13,6.6604
2003-12-16,0.0,0.0,0.0,0.446,0.0371,0.2,0.9428,0.138,6.5777
2003-12-17,0.0,0.0,0.0,0.415,0.0398,0.198,0.7997,0.119,6.3345
2003-12-18,0.5,0.2,0.8,0.398,0.035,0.194,0.7832,0.108,6.3092
2003-12-19,,0.1,0.0,0.354,0.0356,0.191,0.8049,0.099,6.2291
2003-12-20,0.0,0.0,0.1,0.336,0.0324,0.18600000000000005,0.698,0.08900000000000001,5.9737
2003-12-21,0.0,4.5,0.0,0.329,0.0342,0.183,0.6951,0.083,5.686
2003-12-22,0.0,0.0,0.0,0.308,0.0273,0.179,0.6841,0.076,5.8976
2003-12-23,0.0,0.0,0.0,0.333,0.0283,0.172,0.6753,0.09,5.8055
2003-12-24,0.0,0.0,0.0,0.335,0.0304,0.168,0.6861,0.093,5.7382
2003-12-25,0.0,0.0,0.0,0.33,0.0254,0.166,0.6659999999999999,0.073,5.4752
2003-12-26,0.0,0.0,0.0,0.293,0.0243,0.166,0.6809999999999999,0.06,5.369
2003-12-27,0.0,0.0,0.0,0.315,0.028,0.163,0.5321,0.059,5.1824
2003-12-28,0.7,0.5,0.0,0.322,0.0306,0.161,0.5459,0.061,5.1819
2003-12-29,0.0,0.0,0.0,0.31,0.0276,0.156,0.573,0.056,5.1720000000000015
2003-12-30,0.0,0.0,0.0,0.303,0.0268,0.145,0.5552,0.053,5.0836
2003-12-31,0.0,0.0,0.0,0.275,0.0269,0.142,0.5291,0.05,4.8642
2004-01-01,0.0,2.8,0.0,0.253,0.0315,0.147,0.516,0.058,3.9355
2004-01-02,0.0,0.0,0.0,0.237,0.0269,0.14400000000000002,0.5246,0.05,3.9267
2004-01-03,0.0,0.0,0.0,0.258,0.0271,0.13699999999999998,0.4995,0.058,3.9142
2004-01-04,0.0,0.0,0.0,0.256,0.0291,0.135,0.4947,0.055,3.7862
2004-01-05,0.0,0.0,0.0,0.25,0.0286,0.135,0.5531,0.046,3.8314
2004-01-06,0.0,0.0,0.0,0.202,0.0275,0.135,0.6932,0.044,3.7419
2004-01-07,0.0,3.6,0.0,0.196,0.0332,0.132,0.7348,0.042,3.9006
2004-01-08,0.0,0.0,0.0,0.209,0.0316,0.13,0.7345,0.042,4.1312
2004-01-09,0.0,0.0,0.0,0.202,0.031,0.124,0.8543,0.04,4.2674
2004-01-10,0.0,0.0,0.0,0.203,0.0287,0.124,0.5092,0.038,3.9739
2004-01-11,0.0,0.0,0.0,0.195,0.034,0.125,0.459,0.041,3.6265
2004-01-12,0.0,0.0,0.0,0.188,0.0389,0.126,0.4748,0.04,3.8098
2004-01-13,0.0,0.0,0.0,0.183,0.0412,0.121,0.5229,0.032,3.9778
2004-01-14,0.0,0.0,0.0,0.183,0.0424,0.118,0.501,0.029,3.9661
2004-01-15,0.0,0.0,0.0,0.179,0.0452,0.121,0.4751,0.031,3.8636
2004-01-16,0.0,0.0,0.0,0.18,0.047,0.132,0.522,0.031,3.9376
2004-01-17,0.0,0.0,0.0,0.179,0.0476,0.133,0.4705,0.031,3.7155
2004-01-18,0.0,0.0,0.0,0.175,0.0549,0.133,0.4394,0.031,3.4671
2004-01-19,0.0,0.0,0.0,0.17,0.0492,0.132,0.4583,0.03,3.6291
2004-01-20,0.0,0.0,0.0,0.168,0.0539,0.132,0.5028,0.03,3.7717
2004-01-21,0.0,0.0,0.0,0.165,0.0556,0.13,0.5075,0.03,3.8309
2004-01-22,0.0,0.0,0.0,0.166,0.0552,0.13,0.4645,0.031,3.7522
2004-01-23,0.3,0.2,0.0,0.162,0.059,0.13,0.4664,0.03,3.7704
2004-01-24,0.7,0.6,0.3,0.16399999999999998,0.0641,0.133,0.4648,0.028,3.6589
2004-01-25,,0.0,0.0,0.159,0.0629,0.13,0.4505,0.029,3.3884
2004-01-26,0.0,0.0,0.0,0.161,0.0584,0.115,0.4916,0.025,3.5496
2004-01-27,0.3,0.1,1.7,0.161,0.0638,0.113,0.5217,0.022,3.6527
2004-01-28,0.0,0.0,0.1,0.158,0.0557,0.119,0.6335,0.042,4.1238
2004-01-29,0.0,0.0,0.0,0.15,0.0603,0.119,0.5202,0.029,3.6643
2004-01-30,1.3,2.2,0.3,0.151,0.0583,0.117,0.5084,0.026,3.5942
2004-01-31,,0.0,0.0,0.154,0.0551,0.114,0.4943,0.022,3.49
2004-02-01,0.0,0.0,,0.151,0.0471,0.112,0.4883,0.016,3.2011
2004-02-02,0.0,0.0,,0.14400000000000002,0.0524,0.106,0.4807,0.014,3.314
2004-02-03,0.0,0.0,,0.139,0.0516,0.104,0.5309,0.02,3.4783
2004-02-04,0.0,0.0,,0.13699999999999998,0.0573,0.086,0.5236,0.009000000000000001,3.3692
2004-02-05,0.0,0.0,,0.136,0.0567,0.083,0.5375,0.013,3.4272
2004-02-06,0.0,0.0,,0.134,0.0532,0.08199999999999999,0.5309,0.024,3.4337
2004-02-07,0.0,0.0,,0.127,0.0594,0.086,0.5215,0.02,3.3124
2004-02-08,0.0,0.0,,0.129,0.0531,0.08800000000000001,0.4963,0.013,3.0065
2004-02-09,0.0,0.0,,0.128,0.0543,0.087,0.4974,0.011,3.2048
2004-02-10,0.0,0.0,,0.132,0.0524,0.08,0.5035,0.012,3.3194
2004-02-11,0.0,0.0,,0.14,0.0513,0.08,0.5331,0.01,3.3418
2004-02-12,0.0,0.0,,0.134,0.0565,0.079,0.5545,0.013,3.2936
2004-02-13,0.0,0.3,,0.125,0.0461,0.079,0.5341,0.009000000000000001,3.2825
2004-02-14,0.0,0.0,,0.113,0.0467,0.08,0.5265,0.008,3.1875
2004-02-15,0.0,0.0,,0.107,0.0456,0.08,0.4975,0.014,2.9273
2004-02-16,24.8,19.9,,0.147,0.0593,0.087,0.6195,0.01,3.2692
2004-02-17,0.0,0.0,,0.494,0.2004,0.163,0.7872,0.387,10.1494
2004-02-18,0.0,2.3,,0.207,0.0856,0.146,0.637,0.059,4.0844
2004-02-19,11.2,4.4,,0.173,0.0555,0.13,0.7124,0.051,3.7793
2004-02-20,19.1,6.1,,0.215,0.0506,0.223,1.1861,0.961,11.2624
2004-02-21,3.0,1.8,,0.947,0.2287,0.211,1.508,0.5539999999999999,13.2989
2004-02-22,0.0,0.0,,0.421,0.0592,0.198,1.1172,0.168,5.8309
2004-02-23,,0.0,,0.275,0.0506,0.197,0.9161,0.107,4.9403
2004-02-24,4.5,3.3,,0.264,0.0557,0.197,0.8485,0.085,4.7099
2004-02-25,26.3,21.6,,0.28800000000000003,0.0675,0.214,1.0504,0.243,8.3996
2004-02-26,15.2,14.4,,1.4169999999999998,1.1898,0.4270000000000001,1.9528,1.918,21.3888
2004-02-27,,0.0,,1.452,0.2342,0.417,1.4303,1.011,15.1451
2004-02-28,0.0,0.0,,1.149,0.1061,0.349,1.279,0.5489999999999999,9.8674
2004-02-29,3.0,2.7,,0.907,0.0952,0.316,1.2041,0.382,7.9785
2004-03-01,,5.6,0.0,0.868,0.0872,0.295,1.1474,0.313,7.1843
2004-03-02,0.0,0.0,0.0,0.638,0.0773,0.277,1.0927,0.261,6.6901
2004-03-03,0.0,0.0,0.0,0.521,0.2028,0.262,1.0402,0.222,6.2325
2004-03-04,0.0,0.0,0.0,0.448,0.1036,0.252,0.9858,0.21,5.9476
2004-03-05,0.0,0.0,0.0,0.441,0.057,0.246,0.9676,0.2,5.7675
2004-03-06,8.3,10.9,0.0,0.486,0.0538,0.249,0.9153,0.249,6.7418
2004-03-07,0.0,0.0,0.0,0.6759999999999999,0.0515,0.246,0.9623,0.246,6.1081
2004-03-08,0.8,0.4,0.0,0.5579999999999999,0.0474,0.237,0.893,0.191,5.8202
2004-03-09,0.0,0.0,0.0,0.457,0.0469,0.239,0.8728,0.17800000000000002,5.4702
2004-03-10,,0.0,0.9,0.424,0.0515,0.241,0.8103,0.158,5.3653
2004-03-11,,0.0,0.0,0.394,0.033,0.238,0.7726,0.157,5.3254
2004-03-12,,0.0,0.1,0.379,0.0293,0.231,0.7484,0.139,5.0938
2004-03-13,1.0,0.0,0.0,0.365,0.0301,0.228,0.7132,0.131,4.8685
2004-03-14,0.3,0.3,0.0,0.34700000000000003,0.0233,0.221,0.7290000000000001,0.141,4.5387
2004-03-15,0.0,0.0,0.2,0.334,0.0173,0.211,0.6802,0.105,4.5562
2004-03-16,0.0,0.0,,0.319,1.5521,0.203,0.6778,0.093,4.6139
2004-03-17,0.0,0.0,,0.3,4.4362,0.195,0.6821,0.077,4.5356
2004-03-18,0.0,0.0,,0.29,,0.185,0.6756,0.07200000000000001,4.3782
2004-03-19,0.0,0.0,,0.276,,0.184,0.6744,0.063,4.3051
2004-03-20,0.0,0.0,,0.272,,0.183,0.6439,0.055,4.1301
2004-03-21,0.0,0.0,,0.245,,0.179,0.6317,0.051,3.7969
2004-03-22,,0.1,,0.275,,0.182,0.7417,0.046,4.0427
2004-03-23,0.0,0.1,,0.262,,0.183,0.7609,0.045,4.3797
2004-03-24,0.0,0.0,,0.249,,0.18,0.6838,0.046,4.1563
2004-03-25,1.1,7.3,,0.246,,0.207,0.7752,0.1,5.2455
2004-03-26,,0.0,,0.254,,0.161,0.7654,0.28,5.1896
2004-03-27,16.4,13.4,,0.293,,0.172,1.0334,0.415,8.797
2004-03-28,0.0,0.0,,0.301,,0.162,0.8866,0.193,5.5861
2004-03-29,31.2,20.4,,0.294,,0.188,0.9356,0.401,7.7432
2004-03-30,9.0,5.2,,3.458,,0.342,3.0122,1.651,14.4238
2004-03-31,0.1,0.0,,4.78,,0.45,1.4939,1.112,19.745
2004-04-01,0.6,3.6,0.0,1.884,,0.477,1.3849,1.365,16.9167
2004-04-02,2.4,2.0,0.0,1.7080000000000002,,0.46,1.3583,1.198,15.7652
2004-04-03,0.0,0.0,0.0,1.471,,0.446,1.3067,0.903,13.7641
2004-04-04,0.0,0.0,0.0,1.288,,0.404,1.2716,0.6409999999999999,10.791
2004-04-05,0.0,0.0,0.0,1.198,,0.35100000000000003,1.2261,0.511,9.2887
2004-04-06,0.0,0.0,0.0,1.084,,0.325,1.1876,0.418,8.354
2004-04-07,7.5,3.2,0.0,0.998,,0.302,1.1666,0.32299999999999995,7.6343
2004-04-08,14.8,9.4,0.0,1.4240000000000002,,0.383,1.2841,0.784,11.9035
2004-04-09,0.0,0.0,0.0,1.744,,0.462,1.4174,1.271,17.184
2004-04-10,0.1,0.0,0.1,1.462,,0.4370000000000001,1.3559,0.762,12.2522
2004-04-11,0.0,0.0,0.0,1.342,,0.433,1.463,1.054,13.2402
2004-04-12,2.1,,0.0,1.227,,0.385,1.3626,1.081,12.0389
2004-04-13,0.0,0.0,0.0,1.151,,0.35100000000000003,1.3051,0.892,10.6721
2004-04-14,17.0,0.0,,1.072,,0.35100000000000003,1.7462,0.93,9.3642
2004-04-15,11.7,11.6,,1.018,,0.345,1.5507,1.41,16.9476
2004-04-16,30.5,8.0,0.0,2.234,,0.413,3.6035,2.232,21.45
2004-04-17,,0.0,0.0,2.099,,0.422,2.3464,1.812,21.4002
2004-04-18,,0.0,,1.57,,0.393,1.5608,1.261,15.9433
2004-04-19,0.0,0.0,,1.406,,0.366,1.4337,1.006,14.1134
2004-04-20,0.0,0.0,,1.247,,0.337,1.3684,0.797,11.5862
2004-04-21,0.0,0.0,,1.161,,0.315,1.3329,0.6709999999999999,10.2111
2004-04-22,9.2,6.9,0.0,1.169,,0.332,1.3088,0.88,11.8709
2004-04-23,5.3,0.0,,1.114,,0.321,1.2856,0.708,10.8945
2004-04-24,0.0,0.0,,1.023,,0.32,1.2705,0.648,9.5811
2004-04-25,0.0,0.0,,0.858,,0.304,1.2174,0.48,7.8789
2004-04-26,0.0,0.0,,0.75,,0.29,1.2067,0.406,7.5951
2004-04-27,0.0,0.0,,0.6679999999999999,,0.282,1.1844,0.35600000000000004,7.42
2004-04-28,12.5,8.9,15.4,0.626,,0.281,1.1769,0.35700000000000004,7.1388
2004-04-29,15.1,6.5,18.3,1.071,,0.3670000000000001,1.3477,1.5219999999999998,17.2726
2004-04-30,0.1,2.2,0.9,1.134,,0.321,1.3057,0.959,11.7296
2004-05-01,0.0,2.2,0.3,1.01,,0.312,1.2442,0.703,8.9462
2004-05-02,0.6,0.0,0.1,0.964,,0.302,1.2272,0.606,8.1017
2004-05-03,11.8,7.0,3.4,0.951,,0.29600000000000004,1.2763,0.5770000000000001,8.3617
2004-05-04,2.0,1.7,1.8,0.957,,0.28800000000000003,1.1924,0.545,8.3305
2004-05-05,0.2,0.0,0.0,1.079,,0.28800000000000003,1.1763,0.511,8.0175
2004-05-06,0.0,0.0,0.0,1.3769999999999998,,0.284,1.1789,0.397,8.7525
2004-05-07,,0.0,0.4,1.211,,0.278,1.2003,0.365,8.0782
2004-05-08,0.0,0.0,0.0,1.092,,0.26,1.1787,0.331,7.5588
2004-05-09,,0.0,0.1,0.943,,0.26,1.1311,0.292,6.6521
2004-05-10,3.9,3.5,3.2,0.848,,0.257,1.1333,0.35200000000000004,7.7564
2004-05-11,16.2,11.1,14.3,0.852,,0.28600000000000003,1.2117,0.6609999999999999,10.4883
2004-05-12,0.1,0.5,0.0,1.337,,0.325,1.2514,0.569,10.8188
2004-05-13,,0.3,0.1,1.264,,0.311,1.1827,0.413,8.6357
2004-05-14,0.0,,0.0,1.223,,0.303,1.1802,0.405,8.9654
2004-05-15,0.0,,0.0,1.094,,0.295,1.1053,0.297,7.2141
2004-05-16,0.0,,0.0,1.019,,0.285,1.0232,0.262,6.4373
2004-05-17,0.0,,0.0,0.908,,0.274,0.9951,0.243,6.3701
2004-05-18,0.0,0.0,0.0,0.728,,0.259,0.9414,0.222,6.2186
2004-05-19,0.0,0.0,0.0,0.647,,0.246,0.8763,0.195,5.9226
2004-05-20,0.0,0.0,0.0,0.562,,0.24,0.8172,0.16699999999999998,5.7295
2004-05-21,0.0,0.0,0.0,0.479,,0.239,0.7938,0.163,5.5474
2004-05-22,1.8,0.3,0.8,0.442,,0.232,0.7189,0.17600000000000002,5.3147
2004-05-23,0.0,0.0,0.0,0.448,,0.227,0.7190000000000001,0.171,5.1798
2004-05-24,0.0,0.0,0.0,0.431,,0.225,0.6863,0.15,5.1669
2004-05-25,0.0,0.0,0.0,0.384,,0.219,0.6754,0.153,5.1488
2004-05-26,0.0,0.0,0.0,0.381,,0.214,0.7081,0.135,4.9685
2004-05-27,0.0,0.0,0.0,0.365,,0.207,0.6547,0.126,4.9751
2004-05-28,0.0,0.0,0.0,0.382,,0.198,0.629,0.132,4.7977
2004-05-29,0.0,0.0,0.0,0.386,,0.182,0.5762,0.107,4.5659
2004-05-30,0.0,0.0,0.6,0.387,,0.173,0.5174,0.126,4.364
2004-05-31,0.0,0.0,0.0,0.371,,0.172,0.6221,0.14300000000000002,4.8003
2004-06-01,0.0,0.0,0.0,0.354,,0.165,0.6218,0.11,4.5769
2004-06-02,0.0,0.0,0.0,0.333,,0.161,0.6473,0.11,4.5748
2004-06-03,0.0,0.0,0.0,0.305,,0.159,0.595,0.098,4.4868
2004-06-04,0.0,0.0,0.0,0.299,,0.15,0.5098,0.096,4.3843
2004-06-05,0.0,0.0,0.0,0.293,,0.141,0.5329999999999999,0.08800000000000001,4.0511
2004-06-06,0.0,0.0,0.0,0.27,,0.14300000000000002,0.7312,0.087,3.8868
2004-06-07,0.0,0.0,0.0,0.26,,0.13699999999999998,0.6636,0.081,3.8993
2004-06-08,0.0,0.0,0.0,0.274,,0.138,0.4755,0.073,4.1262
2004-06-09,0.0,0.0,0.0,0.266,,0.141,0.3854,0.057,3.9511
2004-06-10,0.0,0.0,0.0,0.246,,0.135,0.3711,0.049,3.8853
2004-06-11,,0.0,0.0,0.24,,0.125,0.3952,0.046,3.7982
2004-06-12,0.5,0.0,0.6,0.27,,0.122,0.4349,0.054000000000000006,3.711
2004-06-13,0.8,7.2,2.0,0.284,,0.132,0.8385,0.275,5.7951
2004-06-14,0.9,0.9,0.8,0.258,,0.131,0.6388,0.17800000000000002,4.5838
2004-06-15,5.8,1.2,3.7,0.32299999999999995,,0.14,0.5995,0.268,5.4049
2004-06-16,,0.0,0.0,0.252,,0.133,0.4927,0.161,4.206
2004-06-17,0.0,0.0,0.0,0.184,,0.126,0.491,0.123,4.059
2004-06-18,0.0,0.0,0.0,0.13699999999999998,,0.112,0.4115,0.084,3.9222
2004-06-19,6.5,3.6,9.9,0.155,,0.138,0.6258,0.189,6.1378
2004-06-20,0.0,0.0,0.0,0.342,,0.134,0.6784,0.193,5.5482
2004-06-21,,1.0,0.0,0.17,,0.124,0.4249,0.087,4.0285
2004-06-22,0.0,0.0,0.0,0.158,,0.117,0.4234,0.076,3.9935
2004-06-23,0.0,0.0,0.0,0.13,,0.106,0.3833,0.065,3.8895
2004-06-24,0.0,0.0,0.0,0.117,,0.096,0.382,0.053,3.4044
2004-06-25,0.0,0.0,0.0,0.111,,0.085,0.3516,0.046,3.2099
2004-06-26,0.0,0.0,0.0,0.107,,0.07,0.3301,0.045,2.9468
2004-06-27,0.0,0.0,0.0,0.091,,0.071,0.2832,0.041,2.7463
2004-06-28,0.0,0.0,0.0,0.083,,0.066,0.2787,0.041,3.0566
2004-06-29,0.0,0.0,0.0,0.084,,0.057,0.3294,0.041,3.2985
2004-06-30,0.0,0.0,0.0,0.079,,0.05,0.3029,0.041,3.3289
2004-07-01,0.0,0.0,0.0,0.069,,0.044,0.3373,0.041,3.3167
2004-07-02,0.0,0.0,0.0,0.06,,0.026,0.3514,0.042,3.23
2004-07-03,0.0,0.0,0.0,0.065,,0.033,0.3447,0.043,3.0302
2004-07-04,0.0,0.0,0.0,0.066,,0.033,0.3097,0.038,2.7284
2004-07-05,1.7,0.5,2.8,0.064,,0.035,0.3285,0.024,3.0192
2004-07-06,0.1,,0.2,0.093,,0.05,0.3731,0.036000000000000004,3.3739
2004-07-07,0.0,0.0,0.0,0.091,,0.058,0.3439,0.036000000000000004,3.2751
2004-07-08,0.0,0.0,0.0,0.069,,0.056,0.3334,0.031,3.1481
2004-07-09,0.0,0.0,0.0,0.065,,0.049,0.2795,0.03,3.051
2004-07-10,11.0,9.6,18.6,0.107,,0.056,0.2871,0.027000000000000003,2.9044
2004-07-11,15.7,31.9,1.3,0.316,,0.146,0.8667,0.496,9.738
2004-07-12,3.6,5.3,0.4,0.14,,0.086,0.3611,0.093,4.4275
2004-07-13,0.0,0.0,0.0,0.115,,0.078,0.3491,0.062,3.934
2004-07-14,0.0,0.0,0.0,0.1,,0.07,0.6035,0.045,3.7006
2004-07-15,0.0,0.0,0.0,0.086,,0.066,0.3379,0.042,3.4682
2004-07-16,0.0,0.0,0.0,0.073,,0.061,0.3312,0.04,3.3509
2004-07-17,0.0,0.0,0.0,0.066,,0.052000000000000005,0.2839,0.038,3.0345
2004-07-18,0.0,0.0,0.0,0.06,,0.057,0.2218,0.036000000000000004,2.6492
2004-07-19,0.0,0.0,0.0,0.055,,0.042,0.2275,0.036000000000000004,2.8963
2004-07-20,0.0,0.0,0.0,0.053,,0.041,0.2361,0.043,3.0577
2004-07-21,0.0,0.0,,0.051,,0.042,0.3357,0.04,3.1061
2004-07-22,0.0,0.0,,0.05,,0.035,0.4456,0.037000000000000005,3.2607
2004-07-23,,0.0,,0.047,,0.034,0.493,0.028,3.3766
2004-07-24,0.0,0.0,,0.044,,0.033,0.3042,0.03,2.9725
2004-07-25,0.0,0.0,,0.044,,0.031,0.28,0.026,2.6786
2004-07-26,0.0,0.0,0.0,0.044,,0.027000000000000003,0.3211,0.01,2.9497
2004-07-27,0.0,0.0,0.0,0.044,,0.024,0.2023,0.025,3.0206
2004-07-28,,0.0,0.0,0.044,,0.023,0.2369,0.025,3.0201
2004-07-29,0.0,0.0,0.0,0.041,,0.026,0.3179,0.029,3.0116
2004-07-30,0.0,0.0,0.0,0.038,,0.024,0.2428,0.022,2.9173
2004-07-31,0.0,0.0,0.0,0.04,,0.021,0.2106,0.021,2.7493
2004-08-01,0.0,0.0,0.0,0.038,,0.02,0.3036,0.021,2.4954
2004-08-02,1.0,0.0,0.0,0.038,,0.015,0.28800000000000003,0.009000000000000001,2.5917
2004-08-03,0.0,0.0,0.0,0.03,,0.009000000000000001,0.3016,0.006,2.6275
2004-08-04,1.6,0.4,4.4,0.045,,0.051,0.3193,0.006,3.2053
2004-08-05,0.0,6.0,2.4,0.084,,0.054000000000000006,0.3057,0.131,4.114
2004-08-06,0.0,0.0,0.0,0.046,,0.035,0.241,0.034,2.8347
2004-08-07,0.0,0.0,0.0,0.04,,0.033,0.2417,0.025,2.4993
2004-08-08,0.0,0.0,0.0,0.034,,0.026,0.6348,0.019,2.6073
2004-08-09,0.0,0.0,0.0,0.03,,0.027000000000000003,0.3729,0.015,2.4799
2004-08-10,0.0,,0.0,0.031,,0.021,0.5864,0.013,2.6799
2004-08-11,0.0,0.0,0.0,0.029,,0.017,0.3392,0.012,2.5187
2004-08-12,0.0,0.0,0.0,0.025,,0.017,0.2677,0.006,2.3591
2004-08-13,0.0,0.0,0.0,0.023,,0.014,0.2675,0.006,2.3513
2004-08-14,0.0,0.0,0.0,0.023,,0.016,0.2157,0.006,2.2474
2004-08-15,0.0,0.0,0.0,0.023,,0.012,0.2239,0.006,2.1421
2004-08-16,0.0,,0.0,0.023,,0.012,0.2382,0.006,2.1941
2004-08-17,,0.0,0.0,0.021,,0.009000000000000001,0.5911,0.006,2.4955
2004-08-18,0.0,0.0,0.0,0.024,,0.009000000000000001,0.353333333,0.0,2.2501
2004-08-19,0.0,0.0,0.0,0.02,,0.006999999999999999,0.3008,0.006,2.3861
2004-08-20,,0.0,0.0,0.018000000000000002,,0.006,0.3012,0.006,2.2816
2004-08-21,0.0,3.7,0.0,0.018000000000000002,,0.008,0.8631,0.006,2.5001
2004-08-22,0.0,0.0,0.0,0.018000000000000002,,0.006999999999999999,0.7421,0.006,2.9456
2004-08-23,,0.0,0.1,0.018000000000000002,,0.014,0.3505,0.006,2.4273
2004-08-24,0.0,0.0,0.0,0.024,,0.011,0.3363,0.006,2.4999
2004-08-25,,0.0,0.0,0.023,,0.01,0.3211,0.006,2.5502
2004-08-26,0.0,0.0,0.0,0.022,,0.016,0.3031,0.006,2.4954
2004-08-27,0.0,0.0,0.0,0.021,,0.014,0.271,0.006,2.4896
2004-08-28,0.0,0.0,0.0,0.023,,0.015,0.2763,0.006,2.3032
2004-08-29,8.8,4.4,33.5,0.132,,0.053,0.3947,0.006,4.2335
2004-08-30,0.6,0.3,0.5,0.256,,0.036000000000000004,0.4701,0.172,5.2474
2004-08-31,0.0,0.0,0.0,0.073,,0.018000000000000002,0.3582,0.026,3.2628
2004-09-01,7.1,5.3,,0.061,,0.018000000000000002,0.3501,0.018000000000000002,3.147
2004-09-02,16.0,12.0,1.8,0.083,,0.037000000000000005,0.8387,0.194,7.588999999999999
2004-09-03,12.3,4.0,1.2,0.425,,0.191,1.0832,0.805,8.7078
2004-09-04,,0.0,2.0,0.18600000000000005,,0.109,0.5707,0.08199999999999999,2.3504
2004-09-05,,0.0,2.1,0.091,,0.095,0.433,0.037000000000000005,1.5347
2004-09-06,7.8,,5.5,0.068,,0.078,0.4349,0.035,1.9205
2004-09-07,0.0,0.0,4.7,0.057,,0.07,0.3799,0.042,2.7196
2004-09-08,0.0,0.0,0.0,0.051,,0.053,0.3564,0.035,2.4909
2004-09-09,0.0,0.0,0.0,0.045,,0.048,0.4136,0.033,2.4805
2004-09-10,0.1,0.0,0.5,0.044,,0.045,0.6072,0.031,2.692
2004-09-11,3.4,3.4,3.3,0.042,,0.043,0.3777,0.034,2.5941
2004-09-12,0.0,0.0,2.7,0.036000000000000004,,0.045,0.41,0.058,2.9941
2004-09-13,15.1,6.0,0.4,0.035,,0.047,0.3443,0.035,2.3563
2004-09-14,0.0,0.0,0.2,0.518,,0.248,0.8225,0.411,6.7053
2004-09-15,7.1,0.3,1.5,0.344,,0.124,0.6082,0.068,3.6044
2004-09-16,0.0,0.0,0.2,0.152,,0.1,0.6990000000000001,0.045,4.6112
2004-09-17,0.0,0.0,0.0,0.104,,0.087,0.5621,0.04,3.2989
2004-09-18,0.0,0.0,,0.091,,0.08900000000000001,0.8426,0.039,3.3435
2004-09-19,0.0,0.0,,0.079,,0.076,0.3755,0.037000000000000005,2.8567
2004-09-20,0.0,0.1,0.0,0.07200000000000001,,0.07400000000000001,0.3462,0.036000000000000004,3.0988
2004-09-21,0.0,0.0,0.0,0.07200000000000001,,0.073,0.7052,0.036000000000000004,3.3488
2004-09-22,0.0,0.0,0.0,0.071,,0.07,0.5743,0.035,3.7162
2004-09-23,0.0,0.0,0.0,0.07,,0.064,0.3334,0.035,3.2371
2004-09-24,2.2,1.3,0.0,0.065,,0.059,0.3053,0.035,3.1585
2004-09-25,0.0,0.0,0.0,0.061,,0.053,0.3012,0.034,2.9728
2004-09-26,0.0,0.0,0.0,0.052000000000000005,,0.051,0.3041,0.035,2.7233
2004-09-27,0.0,0.0,0.0,0.048,,0.051,0.2688,0.034,2.7401
2004-09-28,0.0,0.0,0.0,0.046,,0.056,0.2872,0.034,2.8069
2004-09-29,0.0,0.0,0.0,0.048,,0.062,0.2797,0.033,2.8652
2004-09-30,0.0,0.0,0.0,0.048,,0.053,0.3068,0.078,2.867
2004-10-01,0.0,0.0,0.0,0.048,,0.037000000000000005,0.3119,0.038,2.8851
2004-10-02,0.0,0.0,0.0,0.046,,0.031,0.3153,0.031,2.8426
2004-10-03,0.0,0.0,0.0,0.044,,0.035,0.6114,0.027000000000000003,2.7663
2004-10-04,0.0,,0.0,0.042,,0.042,0.3435,0.029,2.7717
2004-10-05,0.0,3.6,0.0,0.039,,0.046,0.3493,0.028,2.8919
2004-10-06,,0.0,0.0,0.041,,0.047,0.3233,0.03,2.952
2004-10-07,0.0,0.0,0.0,0.042,,0.047,,0.032,2.9026
2004-10-08,0.0,0.0,0.0,0.044,,0.046,0.3193,0.033,2.9242
2004-10-09,0.0,0.0,0.0,0.044,,0.046,0.3065,0.033,2.6937
2004-10-10,0.0,0.0,0.0,0.039,,0.035,0.3233,0.035,2.375
2004-10-11,0.0,0.0,0.0,0.036000000000000004,,0.036000000000000004,0.3042,0.034,2.4353
2004-10-12,0.1,1.6,0.3,0.04,,0.042,0.3496,0.064,3.6362
2004-10-13,0.0,0.0,0.0,0.044,,0.041,0.3466,0.06,2.9326
2004-10-14,0.0,0.0,0.0,0.044,,0.046,0.3448,0.042,2.9193
2004-10-15,0.0,0.0,0.1,0.041,,0.048,0.3386,0.032,2.9102
2004-10-16,0.0,0.0,0.0,0.038,,0.049,0.3185,0.022,2.7236
2004-10-17,0.0,0.0,0.0,0.038,,0.05,0.3051,0.023,2.4303
2004-10-18,,2.4,0.0,0.038,,0.044,0.3057,0.025,2.6180000000000003
2004-10-19,0.0,0.0,0.0,0.038,,0.043,0.3265,0.02,2.752
2004-10-20,0.0,0.0,0.0,0.038,,0.033,0.3216,0.018000000000000002,2.8393
2004-10-21,0.1,0.1,0.1,0.034,,0.035,0.312,0.018000000000000002,2.7764
2004-10-22,0.0,0.0,0.0,0.032,,0.036000000000000004,0.3146,0.018000000000000002,2.7719
2004-10-23,0.0,0.0,0.0,0.03,,0.035,0.3059,0.019,2.6397
2004-10-24,0.0,0.0,0.0,0.03,,0.034,0.3121,0.018000000000000002,2.4573
2004-10-25,2.6,5.7,1.2,0.031,,0.037000000000000005,0.3123,0.019,2.649
2004-10-26,3.0,2.1,1.1,0.195,,0.122,0.6821,0.19,7.3373
2004-10-27,3.8,3.8,0.5,0.092,,0.085,0.3693,0.07,4.0796
2004-10-28,0.0,0.0,0.3,0.094,,0.085,0.3639,0.059,4.3714
2004-10-29,0.0,0.0,0.2,0.069,,0.076,0.3666,0.035,3.273
2004-10-30,8.6,11.4,9.2,0.056,,0.071,0.3442,0.028,3.115
2004-10-31,9.7,12.1,3.9,0.12,,0.08900000000000001,0.3676,0.106,5.6212
2004-11-01,6.4,10.9,1.7,0.092,,0.1,0.3838,0.14400000000000002,5.3775
2004-11-02,0.0,0.0,0.0,0.07400000000000001,,0.093,0.3574,0.044,3.3117
2004-11-03,0.0,0.0,0.0,0.067,,0.086,0.3441,0.037000000000000005,3.2747
2004-11-04,0.3,0.7,0.3,0.066,,0.084,0.3311,0.035,3.2004
2004-11-05,0.3,0.3,0.5,0.059,,0.084,0.3295,0.034,3.2253
2004-11-06,0.0,0.0,0.1,0.057,,0.083,0.3154,0.034,2.9587
2004-11-07,0.0,0.0,0.0,0.054000000000000006,,0.081,0.2892,0.033,2.644
2004-11-08,0.0,0.0,0.0,0.049,,0.078,0.3126,0.029,2.8153
2004-11-09,0.0,0.0,0.0,0.052000000000000005,,0.077,0.3146,0.03,2.9925
2004-11-10,0.0,0.0,0.0,0.053,,0.081,0.3553,0.029,3.052
2004-11-11,0.0,0.0,0.0,0.054000000000000006,,0.084,0.336,0.029,3.0629
2004-11-12,0.0,0.0,0.0,0.053,,0.083,0.3336,0.028,3.0706
2004-11-13,0.0,0.0,0.0,0.048,,0.08,0.3236,0.027000000000000003,2.8845
2004-11-14,0.0,0.0,0.0,0.05,,0.078,0.3163,0.027000000000000003,2.642
2004-11-15,0.0,0.0,0.0,0.047,,0.075,0.3025,0.027000000000000003,2.7168
2004-11-16,0.0,0.0,0.0,0.049,,0.077,0.3263,0.033,2.929
2004-11-17,0.0,0.0,0.0,0.055,,0.078,0.3327,0.027000000000000003,3.0451
2004-11-18,0.0,0.0,0.0,0.056,,0.079,0.3306,0.028,3.0662
2004-11-19,0.0,0.0,0.0,0.06,,0.08,0.3118,0.028,3.0913
2004-11-20,,0.0,0.0,0.058,,0.08,0.3019,0.028,2.9678
2004-11-21,0.0,0.0,0.0,0.055,,0.078,0.2715,0.026,2.7152
2004-11-22,0.0,0.0,0.0,0.049,,0.075,0.3368,0.026,2.8593
2004-11-23,0.0,0.0,0.0,0.05,,0.071,0.3274,0.027000000000000003,2.9163
2004-11-24,0.0,0.0,0.0,0.054000000000000006,,0.075,0.3232,0.028,2.9327
2004-11-25,0.0,0.0,0.0,0.054000000000000006,,0.075,0.3217,0.027000000000000003,2.9088
2004-11-26,0.0,15.0,0.0,0.052000000000000005,,0.075,0.3353,0.027000000000000003,2.9698
2004-11-27,0.0,0.0,0.0,0.053,,0.073,0.3431,0.029,2.8073
2004-11-28,2.8,0.0,3.3,0.054000000000000006,,0.069,0.3116,0.03,2.5782
2004-11-29,0.0,0.9,0.0,0.068,,0.076,0.4123,0.043,3.5868
2004-11-30,0.0,0.0,0.0,0.07200000000000001,,0.073,0.3654,0.041,3.0643
2004-12-01,10.9,3.8,10.8,0.069,,0.099,0.4551,0.062,4.0959
2004-12-02,0.0,0.0,0.0,0.266,,0.129,0.7027,0.205,7.2182
2004-12-03,2.5,3.9,0.9,0.095,,0.08800000000000001,0.3642,0.048,3.7136
2004-12-04,6.7,6.4,8.7,0.091,,0.115,1.0032,0.17,6.1251
2004-12-05,0.0,0.0,0.1,0.171,,0.116,0.7088,0.214,6.9671
2004-12-06,1.2,1.9,5.0,0.097,,0.108,0.4898,0.057,3.1491
2004-12-07,1.3,1.0,0.4,0.22,,0.119,0.3992,0.118,4.396
2004-12-08,20.3,9.9,17.2,0.248,,0.16699999999999998,0.5158,0.17,5.8291
2004-12-09,0.6,0.1,0.4,0.775,,0.183,0.6595,0.247,7.6004
2004-12-10,0.0,0.0,0.0,0.6729999999999999,,0.185,0.3924,0.059,4.5966
2004-12-11,0.0,0.0,0.0,0.259,,0.189,0.3568,0.046,3.927
2004-12-12,0.0,0.0,0.0,0.141,,0.179,0.3982,0.046,3.37
2004-12-13,0.0,0.0,0.0,0.116,,0.165,0.4113,0.045,3.3321
2004-12-14,0.0,0.0,0.0,0.122,,0.155,0.3567,0.044,3.4364
2004-12-15,0.0,0.0,0.0,0.115,,0.139,0.3727,0.042,3.4012
2004-12-16,0.0,0.0,0.0,0.104,,0.129,0.4167,0.042,3.3636
2004-12-17,0.0,0.0,0.0,0.095,,0.122,0.4418,0.042,3.284
2004-12-18,0.0,0.0,0.0,0.092,,0.119,0.4565,0.043,3.068
2004-12-19,0.0,0.0,0.0,0.08800000000000001,,0.114,0.4207,0.041,2.8457
2004-12-20,12.4,8.3,0.0,0.083,,0.1,0.4525,0.04,2.969
2004-12-21,0.0,0.0,0.0,0.084,,0.099,0.4899,0.036000000000000004,3.062
2004-12-22,0.0,0.0,0.0,0.084,,0.097,0.4401,0.038,3.1433
2004-12-23,0.0,0.0,0.0,0.08,,0.096,0.4756,0.037000000000000005,3.1418
2004-12-24,0.0,0.0,0.0,0.083,,0.095,0.4666,0.037000000000000005,3.0987
2004-12-25,10.7,13.7,9.3,0.08900000000000001,,0.109,0.5453,0.062,3.9716
2004-12-26,0.0,0.0,0.0,0.166,,0.124,0.5453,0.146,5.1437
2004-12-27,0.0,0.0,0.0,0.096,,0.105,0.4015,0.052000000000000005,2.9305
2004-12-28,0.0,0.0,0.0,0.09,,0.101,0.353,0.046,2.9305
2004-12-29,0.0,0.0,0.0,0.081,,0.097,0.3314,0.044,2.9305
2004-12-30,0.0,0.0,0.0,0.081,,0.098,0.3423,0.042,2.9305
2004-12-31,0.0,0.0,0.0,0.079,,0.095,0.3404,0.042,2.8364
2005-01-01,0.0,0.0,0.0,0.081,,0.08900000000000001,0.3384,0.038,2.5885
2005-01-02,0.0,0.0,0.0,0.079,,0.09,0.3266,0.038,2.7323
2005-01-03,0.0,0.0,0.0,0.078,,0.09,0.3629,0.04,2.7178
2005-01-04,0.0,0.0,0.0,0.077,,0.08800000000000001,0.5339,0.041,2.9878
2005-01-05,0.0,0.0,0.0,0.078,,0.084,0.5746,0.042,3.0897
2005-01-06,0.0,0.0,0.0,0.081,,0.087,0.3453,0.04,2.6998
2005-01-07,0.0,2.8,0.0,0.078,,0.09,0.3614,0.039,2.7091
2005-01-08,0.0,,0.0,0.078,,0.092,0.3522,0.039,2.7206
2005-01-09,0.0,0.0,0.0,0.078,,0.093,0.3898,0.039,2.6739
2005-01-10,0.0,0.0,0.0,0.078,,0.094,0.5029,0.039,2.9916
2005-01-11,0.0,0.0,0.0,0.08199999999999999,,0.097,0.3634,0.038,3.0516
2005-01-12,0.0,0.0,0.0,0.078,,0.098,0.35200000000000004,0.04,3.0306
2005-01-13,0.0,0.0,0.0,0.078,,0.095,0.3623,0.04,3.0965
2005-01-14,0.0,0.0,0.0,0.075,,0.093,0.4311,0.041,3.1264
2005-01-15,0.0,0.0,0.0,0.07200000000000001,,0.093,0.4693,0.041,3.0622
2005-01-16,0.0,0.0,0.0,0.071,,0.091,0.3442,0.039,2.7473
2005-01-17,0.0,0.0,0.0,0.069,,0.093,0.3502,0.04,2.9044
2005-01-18,0.0,0.0,0.0,0.069,,0.091,0.3402,0.042,3.0586
2005-01-19,0.0,0.0,0.0,0.07,,0.087,0.3388,0.04,3.0169
2005-01-20,0.0,0.0,0.0,0.071,,0.08800000000000001,0.3363,0.039,2.9941
2005-01-21,0.0,0.0,0.0,0.07,0.0014,0.091,0.3275,0.038,2.9918
2005-01-22,0.0,0.0,0.0,0.07,0.0016,0.08900000000000001,0.34,0.037000000000000005,2.9354
2005-01-23,0.0,0.0,0.0,0.069,0.0016,0.093,0.3554,0.039,2.7035
2005-01-24,,,0.0,0.064,0.0012,0.091,0.3412,0.039,2.7718
2005-01-25,0.0,0.0,0.0,0.065,0.0022,0.09,0.34600000000000003,0.04,2.7814
2005-01-26,0.0,0.0,0.0,0.067,0.0024,0.092,0.34,0.041,2.906
2005-01-27,0.0,0.0,0.0,0.068,0.0033,0.098,0.3809,0.043,3.0035
2005-01-28,0.0,0.0,0.0,0.071,0.0033,0.099,0.3508,0.044,3.0886
2005-01-29,0.0,0.0,0.0,0.073,0.0019,0.095,0.3421,0.043,2.9394
2005-01-30,0.0,0.0,0.0,0.067,0.0022,0.08800000000000001,0.349,0.042,2.5945
2005-01-31,0.0,0.0,0.0,0.061,0.0026,0.07200000000000001,0.3396,0.039,2.7467
2005-02-01,0.0,0.0,0.0,0.061,0.0023,0.069,0.3323,0.033,2.9317
2005-02-02,0.0,0.0,0.0,0.067,0.0023,0.065,0.3552,0.03,2.9536
2005-02-03,0.0,0.0,0.0,0.065,0.0015,0.073,0.3479,0.032,2.8161
2005-02-04,0.0,0.0,0.0,0.066,0.0031,0.063,0.3474,0.033,2.8229
2005-02-05,0.8,2.3,0.1,0.068,0.0019,0.054000000000000006,0.3482,0.032,2.7078
2005-02-06,17.4,13.4,12.6,0.069,0.0024,0.054000000000000006,0.6178,0.051,4.1663
2005-02-07,9.5,,4.4,0.267,0.0032,0.117,0.9119,0.272,7.1949
2005-02-08,9.3,6.8,7.7,0.408,0.0021,0.141,1.0881,0.208,7.2761
2005-02-09,0.4,0.0,0.0,0.5920000000000001,0.0031,0.168,1.0733,0.402,8.6621
2005-02-10,0.0,19.0,0.0,0.223,0.0024,0.153,0.6759,0.058,4.1496
2005-02-11,0.0,0.0,0.0,0.154,0.0018,0.157,0.5732,0.044,3.6703
2005-02-12,0.0,0.0,0.0,0.132,0.0014,0.14400000000000002,0.3784,0.041,3.3307
2005-02-13,0.0,0.0,,0.114,0.0014,0.129,0.3629,0.042,2.9906
2005-02-14,0.0,0.0,,0.115,0.0014,0.122,0.3613,0.043,3.0614
2005-02-15,0.0,0.0,,0.111,0.0018,0.118,0.3781,0.044,3.239
2005-02-16,0.0,0.0,0.0,0.098,0.0023,0.111,0.3329,0.043,3.1098
2005-02-17,0.0,0.0,0.0,0.092,0.006,0.086,0.339,0.044,3.0182
2005-02-18,0.0,0.0,0.0,0.08,0.0028,0.08,0.3448,0.044,3.0004
2005-02-19,0.0,0.0,0.0,0.08800000000000001,0.0028,0.075,0.3349,0.043,2.8879
2005-02-20,5.0,9.4,1.3,0.081,0.0017,0.079,0.3391,0.045,2.7353
2005-02-21,0.0,0.0,0.0,0.1,0.0,0.092,0.3911,0.081,3.4526
2005-02-22,0.2,0.2,0.0,0.083,0.0006,0.087,0.4495,0.052000000000000005,3.0913
2005-02-23,,0.0,0.0,0.081,0.0119,0.08,0.3559,0.047,3.0065
2005-02-24,,0.1,0.0,0.079,0.0284,0.069,0.3506,0.044,2.9165
2005-02-25,,0.0,0.0,0.08,0.0348,0.068,0.3444,0.044,2.9276
2005-02-26,0.0,0.0,0.0,0.081,0.0269,0.061,0.3461,0.043,2.7304
2005-02-27,13.0,10.0,1.9,0.076,0.0237,0.056,0.4888,0.042,2.597
2005-02-28,0.0,2.6,0.0,0.077,0.0247,0.059,0.7795,0.051,3.5433
2005-03-01,0.0,0.0,0.0,0.084,0.0288,0.06,0.3875,0.044,2.9518
2005-03-02,,0.0,0.0,0.077,0.0387,0.058,0.3595,0.042,2.8448
2005-03-03,0.0,0.0,0.0,0.077,0.0261,0.056,0.4777,0.04,2.9099
2005-03-04,0.0,0.0,0.0,0.079,0.0288,0.061,0.3673,0.04,2.8311
2005-03-05,0.0,0.0,0.0,0.075,0.032,0.066,0.3917,0.04,2.7497
2005-03-06,0.0,0.0,0.0,0.064,0.022,0.067,0.3549,0.039,2.4753
2005-03-07,0.0,0.0,0.0,0.059,0.0282,0.07,0.3604,0.039,2.5164
2005-03-08,0.0,0.0,0.0,0.056,0.0287,0.078,0.3632,0.04,2.6706
2005-03-09,0.0,0.0,0.0,0.063,0.0269,0.066,0.3279,0.04,2.6754
2005-03-10,0.0,0.0,0.0,0.069,0.0306,0.063,0.3442,0.039,2.7304
2005-03-11,6.9,8.8,8.8,0.069,0.0348,0.07200000000000001,0.4246,0.112,5.5141
2005-03-12,0.0,0.0,0.0,0.079,0.0291,0.085,0.3549,0.057,3.6383
2005-03-13,0.0,0.0,0.0,0.064,0.0275,0.086,0.4013,0.041,3.1736
2005-03-14,,0.0,0.0,0.058,0.0385,0.08900000000000001,0.3511,0.037000000000000005,3.2949
2005-03-15,0.0,0.0,0.0,0.057,0.0368,0.091,0.3455,0.033,3.3566
2005-03-16,0.0,0.0,0.0,0.058,0.0289,0.08199999999999999,0.35600000000000004,0.033,3.3856
2005-03-17,0.0,0.0,0.0,0.059,0.0228,0.085,0.3607,0.032,3.3711
2005-03-18,0.0,0.0,0.0,0.055,0.0199,0.08800000000000001,0.3438,0.028,3.3591
2005-03-19,0.0,0.0,0.0,0.052000000000000005,0.0168,0.08199999999999999,0.3507,0.027000000000000003,3.1468
2005-03-20,0.0,0.0,0.0,0.049,0.0132,0.08199999999999999,0.3486,0.027000000000000003,2.8393
2005-03-21,0.9,0.6,0.1,0.049,0.0226,0.073,0.3491,0.028,2.9406
2005-03-22,0.0,0.0,0.0,0.051,0.0269,0.086,0.3542,0.027000000000000003,3.0127
2005-03-23,1.8,2.4,5.5,0.054000000000000006,0.0272,0.098,0.3611,0.051,3.7301
2005-03-24,0.4,0.0,0.1,0.067,0.0191,0.079,0.3679,0.042,3.4502
2005-03-25,,0.0,0.0,0.052000000000000005,0.0205,0.09,0.3545,0.037000000000000005,2.884
2005-03-26,,0.0,0.0,0.046,0.0153,0.086,0.345,0.034,2.7179
2005-03-27,0.0,0.0,0.0,0.043,0.0115,0.086,0.3313,0.03,2.559
2005-03-28,0.0,0.0,0.0,0.042,0.013,0.081,0.3446,0.028,2.6938
2005-03-29,8.3,7.3,8.8,0.131,0.0172,0.101,0.4764,0.108,4.9501
2005-03-30,0.0,0.0,0.0,0.205,0.0155,0.113,0.4695,0.114,4.6378
2005-03-31,0.0,0.0,0.0,0.08900000000000001,0.0155,0.105,0.4015,0.045,3.5291
2005-04-01,0.0,0.0,0.0,0.064,0.0164,0.099,0.378,0.04,3.4998
2005-04-02,,0.0,0.0,0.061,0.0167,0.098,0.342,0.04,3.266
2005-04-03,0.0,0.0,0.0,0.056,0.0136,0.097,0.3312,0.038,3.04
2005-04-04,0.0,0.0,0.0,0.05,0.0111,0.053,0.3299,0.039,3.2877
2005-04-05,0.0,0.0,0.0,0.054000000000000006,0.016,0.043,0.3205,0.038,3.3160000000000003
2005-04-06,0.0,0.0,0.0,0.057,0.0179,0.039,0.3352,0.037000000000000005,3.4195
2005-04-07,0.0,0.0,0.0,0.059,0.0154,0.038,0.331,0.036000000000000004,3.5288
2005-04-08,13.7,3.0,1.3,0.07,0.0237,0.039,0.3621,0.044,4.0121
2005-04-09,0.0,0.1,0.0,0.08800000000000001,0.0189,0.048,0.4227,0.055,3.969
2005-04-10,0.0,0.0,0.0,0.07,0.018000000000000002,0.037000000000000005,0.4135,0.036000000000000004,3.1549
2005-04-11,0.0,0.0,0.0,0.061,0.0206,0.023,0.3691,0.033,3.3537
2005-04-12,0.0,0.0,0.0,0.062,0.0229,0.012,0.3579,0.032,3.3991
2005-04-13,0.0,0.0,0.0,0.06,0.0259,0.002,0.3677,0.034,3.4035
2005-04-14,0.0,0.0,0.3,0.062,0.0273,0.0,0.369,0.035,3.5188
2005-04-15,0.3,0.3,0.2,0.08800000000000001,0.0267,0.012,0.4476,0.039,3.7209
2005-04-16,0.0,0.0,0.0,0.13699999999999998,0.0245,0.036000000000000004,0.5962,0.045,4.5111
2005-04-17,0.0,0.0,0.0,0.059,0.0146,0.01,0.3336,0.035,3.3701
2005-04-18,,0.0,0.0,0.056,0.0139,0.0,0.3203,0.03,3.399
2005-04-19,0.0,0.0,0.0,0.053,0.0176,0.0,0.3212,0.027000000000000003,3.4487
2005-04-20,,0.0,0.0,0.041,0.0188,0.0,0.3211,0.029,3.458
2005-04-21,0.0,0.1,0.3,0.039,0.0211,0.0,0.3093,0.027000000000000003,3.4432
2005-04-22,0.1,0.0,0.0,0.041,0.0178,0.0,0.3257,0.034,3.3881
2005-04-23,0.0,0.0,0.0,0.037000000000000005,0.0247,0.0,0.2956,0.028,3.0656
2005-04-24,0.0,0.0,1.2,0.041,0.0237,0.006,0.2892,0.033,3.1442
2005-04-25,0.0,0.0,0.0,0.084,0.0204,0.009000000000000001,0.3496,0.045,3.4802
2005-04-26,0.0,0.0,,0.051,0.0217,0.0,0.3242,0.039,3.5165
2005-04-27,0.0,0.0,,0.033,0.0202,0.0,0.322,0.038,3.4301
2005-04-28,0.0,0.0,0.0,0.023,0.0181,0.0,0.342,0.037000000000000005,3.527
2005-04-29,0.0,0.0,0.0,0.024,0.0155,0.0,0.2707,0.036000000000000004,3.3132
2005-04-30,0.0,0.0,0.0,0.021,0.0195,0.0,0.2605,0.036000000000000004,3.1318
2005-05-01,,0.0,0.0,0.023,0.015,0.0,0.2906,0.036000000000000004,2.8871
2005-05-02,3.3,3.2,4.8,0.018000000000000002,0.0226,0.0,0.3314,0.036000000000000004,3.197
2005-05-03,0.0,0.0,0.0,0.027000000000000003,0.0274,0.0,0.3441,0.036000000000000004,3.7795
2005-05-04,0.0,0.2,0.0,0.027000000000000003,0.0304,0.0,0.3207,0.036000000000000004,3.3163
2005-05-05,,0.3,0.7,0.026,0.0173,0.008,0.2922,0.05,3.6407
2005-05-06,0.0,0.0,0.0,0.029,0.0093,0.019,0.2831,0.059,3.3191
2005-05-07,0.0,0.0,0.0,0.03,0.0108,0.017,0.2529,0.037000000000000005,3.0141
2005-05-08,0.0,0.0,0.0,0.031,0.0091,0.019,0.2529,0.036000000000000004,2.6705
2005-05-09,0.1,0.0,0.3,0.031,0.01,0.015,0.2807,0.033,2.8834
2005-05-10,0.0,0.0,0.0,0.033,0.0091,0.021,0.3569,0.029,3.1287
2005-05-11,0.0,0.0,0.0,0.03,0.0106,0.02,0.3442,0.028,3.2043
2005-05-12,0.0,0.0,0.0,0.03,0.0093,0.017,0.329,0.023,3.1455
2005-05-13,1.3,1.1,5.5,0.032,0.0092,0.006,0.3038,0.023,3.0937
2005-05-14,0.0,16.7,0.0,0.038,0.0089,0.002,0.2949,0.037000000000000005,3.6183
2005-05-15,4.3,1.7,1.7,0.037000000000000005,0.0092,0.0,0.2809,0.028,2.7183
2005-05-16,11.4,19.2,37.9,0.037000000000000005,0.0081,0.0,0.3149,0.026,3.2103
2005-05-17,11.7,13.1,40.1,0.511,0.0362,0.202,1.3032,1.625,10.9804
2005-05-18,0.0,0.0,0.0,0.166,0.0149,0.057,0.6964,0.108,7.1949
2005-05-19,0.0,19.7,0.0,0.068,0.0099,0.061,0.5277,0.037000000000000005,6.3281
2005-05-20,0.0,22.6,0.0,0.048,0.0082,0.044,0.3941,0.025,15.2287
2005-05-21,0.0,,0.0,0.031,0.008,0.022,0.3349,0.019,21.0734
2005-05-22,1.2,,2.0,0.085,0.0082,0.017,0.3037,0.017,21.2537
2005-05-23,0.0,0.0,0.0,0.109,0.0083,0.01,0.3494,0.017,21.6414
2005-05-24,0.0,0.0,0.0,0.053,0.0092,0.0,0.3217,0.004,21.6025
2005-05-25,0.0,0.0,0.0,0.016,0.0092,0.0,0.3133,0.0,10.7976
2005-05-26,0.0,1.1,0.0,0.014,0.0178,0.0,0.2809,0.0,2.4334
2005-05-27,0.0,0.0,0.0,0.012,0.0349,0.0,0.2707,0.0,2.3565
2005-05-28,0.0,0.0,0.0,0.011,0.0371,0.0,0.2605,0.0,2.1991
2005-05-29,0.0,0.0,0.0,0.011,0.0409,0.0,0.2603,0.0,2.0313
2005-05-30,,0.0,0.0,0.01,0.0428,0.0,0.2632,0.0,2.2105
2005-05-31,,0.0,0.0,0.012,0.0514,0.0,0.3394,0.0,2.4662
2005-06-01,,,0.0,0.012,0.0421,0.0,0.2884,0.0,2.5049
2005-06-02,0.0,2.5,0.0,0.01,0.0375,0.003,0.2625,0.0,2.5255
2005-06-03,0.0,0.0,0.0,0.011,0.0447,0.002,0.278,0.0,2.5372
2005-06-04,0.0,0.0,0.0,0.01,0.0395,0.0,0.3152,0.0,2.4275
2005-06-05,0.0,0.0,0.0,0.01,0.0445,0.0,0.2257,0.0,2.1977
2005-06-06,,0.0,0.0,0.011,0.0334,0.0,0.2481,0.0,2.387
2005-06-07,0.0,0.0,0.0,0.009000000000000001,0.0408,0.0,0.2093,0.0,2.5765
2005-06-08,0.0,0.0,0.0,0.008,0.0448,0.0,0.2374,0.0,2.5991
2005-06-09,0.0,0.0,0.0,0.008,0.0519,0.0,0.2532,0.0,2.6197
2005-06-10,0.0,0.0,0.0,0.008,0.05,0.0,0.3024,0.0,2.5803
2005-06-11,,0.0,0.0,0.009000000000000001,0.0578,0.0,0.2871,0.0,2.4272
2005-06-12,0.0,0.0,0.0,0.01,0.0498,0.0,0.3161,0.0,2.2981
2005-06-13,1.8,3.6,0.2,0.012,0.0398,0.0,0.3161,0.0,2.6622
2005-06-14,9.4,6.0,2.3,0.149,0.0465,0.029,0.5411,0.662,6.6867
2005-06-15,0.0,0.0,0.7,0.123,0.0319,0.008,0.3837,0.129,4.2927
2005-06-16,0.0,0.0,0.0,0.028,0.0315,0.0,0.3067,0.001,3.1829
2005-06-17,0.0,0.0,0.0,0.012,0.0315,0.0,0.2899,0.0,3.0533
2005-06-18,0.0,0.0,0.0,0.01,0.029,0.0,0.218,0.0,2.6865
2005-06-19,0.0,0.0,0.0,0.011,0.0288,0.0,0.1658,0.0,2.45
2005-06-20,0.1,0.0,0.1,0.012,0.0269,0.0,0.2595,0.0,2.8432
2005-06-21,0.0,0.0,0.0,0.015,0.0314,0.0,0.2446,0.0,2.9182
2005-06-22,0.0,0.0,0.0,0.013,0.0289,0.0,0.2229,0.0,3.0116
2005-06-23,0.0,0.0,0.0,0.012,0.032,0.0,0.2089,0.0,2.8901
2005-06-24,0.0,0.0,0.0,0.008,0.0227,0.0,0.1641,0.0,2.4042
2005-06-25,0.0,0.0,0.0,0.008,0.0221,0.0,0.135,0.0,2.2577
2005-06-26,0.0,0.0,0.0,0.009000000000000001,0.0257,0.0,0.1499,0.0,2.2523
2005-06-27,,0.0,0.0,0.009000000000000001,0.0176,0.0,0.1296,0.0,2.6221
2005-06-28,0.2,0.1,0.1,0.008,0.0266,0.0,0.1451,0.0,2.8719
2005-06-29,0.0,0.0,0.0,0.008,0.0267,0.0,0.1167,0.0,2.7627
2005-06-30,,0.0,0.0,0.008,0.0425,0.0,0.1858,0.0,2.7551
2005-07-01,0.4,0.0,0.0,0.009000000000000001,0.0456,0.0,0.1655,0.0,2.7624
2005-07-02,,0.0,0.0,0.013,0.0399,0.0,0.1751,0.0,2.5786
2005-07-03,0.0,0.0,0.0,0.012,0.0348,0.0,0.1374,0.0,2.3099
2005-07-04,,0.0,0.0,0.008,0.0322,0.0,0.1627,0.0,2.4759
2005-07-05,0.0,0.5,0.0,0.006,0.0116,0.0,0.1703,0.0,2.6063
2005-07-06,,0.0,0.0,0.004,0.0164,0.0,0.1285,0.0,2.6527
2005-07-07,0.6,0.3,,0.005,0.0382,0.0,0.1411,0.0,2.6918
2005-07-08,3.7,,,0.008,0.0431,0.0,0.1835,0.0,2.7445
2005-07-09,0.2,0.0,,0.011,0.0462,0.0,0.1851,0.0,4.013
2005-07-10,2.2,0.3,,0.086,0.051,0.0,0.2419,0.002,5.5793
2005-07-11,0.0,0.0,0.0,0.028,0.034,0.0,0.1793,0.0,2.6837
2005-07-12,0.0,0.0,0.0,0.012,0.0413,0.0,0.1888,0.0,2.4934
2005-07-13,0.0,0.0,0.0,0.01,0.0392,0.0,0.1547,0.0,2.7186
2005-07-14,0.0,0.0,0.0,0.009000000000000001,0.0416,0.0,0.2028,0.0,2.8401
2005-07-15,0.0,0.0,0.0,0.008,0.028,0.0,0.1671,0.0,2.8110000000000004
2005-07-16,0.0,0.0,0.0,0.006999999999999999,0.0336,0.0,0.1751,0.0,2.7198
2005-07-17,0.0,0.0,0.0,0.008,0.0362,0.0,0.1514,0.0,2.471
2005-07-18,0.0,0.0,0.0,0.008,0.028,0.0,0.1387,0.0,2.7935
2005-07-19,0.0,0.0,0.0,0.006999999999999999,0.0377,0.0,0.1527,0.0,2.8621
2005-07-20,0.0,0.0,0.0,0.003,0.0412,0.0,0.1313,0.0,3.0685
2005-07-21,0.0,0.0,0.0,0.005,0.0296,0.0,0.1352,0.0,3.0389
2005-07-22,0.0,0.0,0.0,0.005,0.0332,0.0,0.1277,0.0,3.0253
2005-07-23,0.0,0.0,0.0,0.006,0.0305,0.0,0.1084,0.0,2.9221
2005-07-24,0.0,0.0,0.0,0.006,0.0249,0.0,0.1148,0.0,2.7416
2005-07-25,0.0,0.0,0.0,0.006999999999999999,0.0311,0.0,0.1157,0.0,3.1214
2005-07-26,0.0,0.0,0.0,0.004,0.022729167,0.0,0.124729167,0.0,3.3531180560000005
2005-07-27,0.0,0.0,0.0,0.004,0.0221,0.0,0.1014,0.0,3.4849
2005-07-28,0.0,0.0,0.0,0.002,0.0158,0.0,0.1057,0.0,3.5328
2005-07-29,0.0,0.0,0.0,0.003,0.0249,0.0,0.1016,0.0,3.5489
2005-07-30,0.7,3.1,0.0,0.011,0.0287,0.0,0.1201,0.0,4.4791
2005-07-31,0.0,0.0,0.0,0.014,0.0328,0.0,0.1094,0.0,3.3572
2005-08-01,6.8,7.4,,0.01,0.0304,0.0,0.1552,0.0,4.084
2005-08-02,20.2,17.4,,0.063,0.0662,0.124,1.1391,1.106,10.0533
2005-08-03,0.0,0.0,,0.035,0.0175,0.027000000000000003,0.6906,0.149,2.1787
2005-08-04,0.0,0.0,0.0,0.011,0.016,0.0,0.2571,0.0,1.8622
2005-08-05,0.0,,0.0,0.008,0.0131,0.0,0.1909,0.0,2.1451
2005-08-06,0.0,22.0,0.0,0.008,0.0124,0.0,0.1626,0.0,1.7719999999999998
2005-08-07,0.0,0.0,0.0,0.008,0.0145,0.0,0.1824,0.0,2.823
2005-08-08,,0.0,1.3,0.008,0.0103,0.0,0.1826,0.0,3.8742
2005-08-09,0.7,0.8,,0.006999999999999999,0.014,0.0,0.1843,0.0,16.1492
2005-08-10,0.6,0.1,,0.008,0.0268,0.0,0.1926,0.0,8.9363
2005-08-11,0.6,0.1,4.0,0.009000000000000001,0.0175,0.0,0.1829,0.0,3.2554
2005-08-12,0.0,0.0,0.0,0.022,0.0154,0.0,0.171,0.0,2.1862
2005-08-13,0.0,0.0,0.0,0.011,0.0197,0.0,0.1326,0.0,1.9266
2005-08-14,0.0,0.0,0.0,0.006999999999999999,0.0257,0.0,0.1231,0.0,2.0438
2005-08-15,,0.0,0.0,0.006999999999999999,0.0204,0.0,0.1381,0.0,2.2915
2005-08-16,0.2,0.0,0.0,0.006999999999999999,0.0168,0.0,0.1538,0.0,2.4621
2005-08-17,2.0,0.5,4.0,0.006999999999999999,0.0169,0.0,0.1955,0.0,2.4278
2005-08-18,0.0,0.1,0.3,0.006,0.0279,0.0,0.1658,0.001,3.3916
2005-08-19,0.1,5.9,0.0,0.014,0.0306,0.0,0.1693,0.001,2.7269
2005-08-20,,1.3,0.5,0.188,0.0191,0.016,0.2959,0.145,3.9811
2005-08-21,0.0,0.0,0.0,0.162,0.0205,0.01,0.303,0.086,3.5224
2005-08-22,0.0,0.0,0.0,0.027000000000000003,0.0154,0.0,0.1702,0.0,2.7102
2005-08-23,0.0,0.0,0.0,0.016,0.0172,0.0,0.1577,0.0,2.6179
2005-08-24,0.0,0.0,0.0,0.013,0.0119,0.0,0.1341,0.0,2.6052
2005-08-25,0.0,0.0,0.0,0.011,0.0177,0.0,0.1377,0.0,2.537
2005-08-26,0.0,0.0,0.0,0.01,0.0144,0.0,0.1388,0.0,2.5665
2005-08-27,10.5,3.5,36.0,0.011,0.0181,0.001,0.1664,0.045,4.4142
2005-08-28,0.0,0.0,0.0,0.013,0.0245,0.0,0.1667,0.027000000000000003,3.98239
2005-08-29,0.0,0.0,0.0,0.013,0.0233,0.0,0.1386,0.0,2.51773
2005-08-30,0.0,0.0,0.0,0.011,0.0221,0.0,0.1461,0.0,2.72866
2005-08-31,0.0,0.0,0.0,0.01,0.0236,0.0,0.174,0.0,2.82978
2005-09-01,0.0,,0.0,0.01,0.022,0.0,0.1168,0.0,2.8674
2005-09-02,0.0,0.0,0.0,0.01,0.0238,0.0,0.1246,0.0,2.4476
2005-09-03,0.0,0.0,0.0,0.01,0.029,0.0,0.1152,0.0,1.9259
2005-09-04,0.0,0.0,0.0,0.009000000000000001,0.0256,0.0,0.13,0.0,1.8632
2005-09-05,39.1,19.9,28.1,0.006999999999999999,0.0306,0.0,0.1332,0.0,1.9962
2005-09-06,0.0,1.9,1.7,0.228,0.0236,0.05,0.7219,0.462,5.3168
2005-09-07,18.9,18.5,23.8,0.054000000000000006,0.0456,0.027000000000000003,0.449,0.606,8.23
2005-09-08,15.3,12.7,1.2,0.382,0.0414,0.16699999999999998,0.9638,1.537,9.23
2005-09-09,0.0,0.0,0.0,0.09,0.0261,0.047,0.3211,0.127,10.18231
2005-09-10,2.5,0.0,0.0,0.048,0.0284,0.048,0.2644,0.021,6.71105
2005-09-11,0.0,0.0,0.0,0.041,0.0229,0.031,0.2241,0.0,4.6847
2005-09-12,0.0,0.0,0.0,0.064,0.0168,0.018000000000000002,0.2162,0.0,5.16265
2005-09-13,1.8,11.8,10.7,0.1,0.0216,0.006999999999999999,0.2634,0.4370000000000001,5.7447
2005-09-14,0.0,0.0,0.0,0.12,0.0217,0.025,0.404,0.07200000000000001,4.4142
2005-09-15,0.0,0.0,0.0,0.046,0.0204,0.024,0.2811,0.018000000000000002,2.4476
2005-09-16,5.5,6.5,6.7,0.033,0.0187,0.014,0.2604,0.001,2.6052
2005-09-17,11.0,7.3,23.2,0.4370000000000001,0.033,0.068,0.7487,0.633,2.9162
2005-09-18,0.0,0.0,0.0,0.411,0.0249,0.044,0.3384,0.08900000000000001,11.8026
2005-09-19,0.0,,0.0,0.07400000000000001,0.0223,0.085,0.2972,0.025,7.4054600000000015
2005-09-20,0.0,0.0,0.0,0.052000000000000005,0.0258,0.086,0.2571,0.011,6.6154600000000015
2005-09-21,0.0,0.0,0.0,0.042,0.0243,0.07,0.2792,0.001,6.24653
2005-09-22,0.0,0.0,0.0,0.038,0.0199,0.053,0.2784,0.0,5.62006
2005-09-23,0.0,0.0,0.0,0.038,0.031,0.035,0.2528,0.0,5.1081400000000015
2005-09-24,,0.0,0.0,0.038,0.0241,0.026,0.2126,0.0,4.38687
2005-09-25,11.5,9.6,39.2,0.06,0.025,0.138,0.4492,2.34,4.2726
2005-09-26,0.0,0.0,0.0,0.159,0.0266,0.116,0.8485,0.741,10.59174
2005-09-27,0.0,0.0,0.0,0.064,0.0225,0.062,0.3315,0.073,3.99304
2005-09-28,0.0,0.0,0.0,0.047,0.0248,0.039,0.307,0.04,3.32462
2005-09-29,,3.2,0.0,0.038,0.0271,0.02,0.3039,0.19,2.9469
2005-09-30,0.0,0.0,,0.033,0.0233,0.008,0.3064,0.042,2.81732
2005-10-01,,1.8,,0.027000000000000003,0.0247,0.011,0.2631,0.03,2.41756
2005-10-02,0.0,,,0.027000000000000003,0.0152,0.034,0.2496,0.027000000000000003,2.32294
2005-10-03,0.0,0.0,,0.025,0.0212,0.026,0.22,0.025,2.1853
2005-10-04,0.0,0.0,,0.023,0.0291,0.005,0.239,0.025,2.7052
2005-10-05,0.2,8.1,,0.025,0.0363,0.0,0.2459,0.022,2.7619
2005-10-06,0.0,0.2,,0.023,0.0362,0.063,0.253,0.022,3.0254
2005-10-07,0.0,0.0,,0.023,0.034,0.041,0.2867,0.023,2.9782
2005-10-08,0.0,2.5,,0.022,0.0397,0.013,0.2418,0.022,2.7076
2005-10-09,0.0,0.0,,0.018000000000000002,0.0368,0.001,0.2022,0.021,2.4981
2005-10-10,2.1,0.7,,0.018000000000000002,0.0361,0.001,0.2163,0.02,2.7417
2005-10-11,1.5,0.4,,0.021,0.0378,0.019,0.2485,0.022,3.2711
2005-10-12,68.8,112.6,,0.037000000000000005,0.0548,0.102,0.4008,1.268,8.9227
2005-10-13,16.0,7.5,,1.096,1.1851,0.505,2.5655,3.976,26.8262
2005-10-14,16.7,11.5,,1.348,0.1987,0.363,1.6117,1.865,19.0427
2005-10-15,4.2,,,3.812,1.5241,0.442,1.445,4.772,26.3666
2005-10-16,0.0,0.0,,1.617,,0.436,1.265,2.155,18.8957
2005-10-17,16.0,3.6,,1.125,,0.287,1.0377,0.769,10.6725
2005-10-18,1.2,0.1,,9.685,,0.488,1.1076,2.46,20.5531
2005-10-19,0.0,0.0,,2.441,,0.476,1.0611,1.3119999999999998,16.9683
2005-10-20,0.0,0.0,,1.378,,0.341,0.8736,0.624,10.6273
2005-10-21,0.0,0.0,,1.14,,0.264,0.6834,0.423,8.0296
2005-10-22,0.0,0.0,,0.727,,0.227,0.5282,0.29600000000000004,6.5653
2005-10-23,,0.0,,0.941,,0.217,0.4053,0.232,5.3994
2005-10-24,0.0,0.0,,1.003,,0.207,0.4024,0.459,7.1468
2005-10-25,0.0,0.0,,0.573,,0.18600000000000005,0.3903,0.223,5.5161
2005-10-26,0.0,0.0,,0.394,,0.17800000000000002,0.3753,0.179,5.0123
2005-10-27,,0.0,,0.325,,0.16899999999999998,0.3767,0.147,4.8476
2005-10-28,0.1,0.0,,0.261,,0.163,0.3731,0.116,4.7058
2005-10-29,0.3,0.0,,0.223,,0.154,0.3631,0.081,4.4132
2005-10-30,0.0,0.0,,0.189,,0.149,0.3521,0.07200000000000001,3.9861
2005-10-31,,0.0,,0.218,,0.147,0.3497,0.063,3.95
2005-11-01,0.0,0.0,,0.213,,0.145,0.3412,0.054000000000000006,3.9279
2005-11-02,0.0,0.0,,0.17600000000000002,,0.139,0.3403,0.05,3.9342
2005-11-03,0.0,0.1,,0.168,,0.136,0.3443,0.049,4.114
2005-11-04,,0.0,,0.163,,0.129,0.3412,0.047,4.1446
2005-11-05,0.0,0.0,,0.16,,0.126,0.3402,0.047,3.9135
2005-11-06,0.0,0.0,,0.159,,0.124,0.3321,0.045,3.6122
2005-11-07,0.0,0.0,,0.155,,0.12,0.3349,0.045,3.7392
2005-11-08,12.1,0.4,,0.155,,0.115,0.3336,0.045,3.8096
2005-11-09,32.5,26.0,28.0,0.217,,0.183,0.9726,0.55,12.7149
2005-11-10,0.4,0.1,0.0,0.212,,0.146,0.6157,0.25,6.5369
2005-11-11,2.8,0.4,0.9,0.168,,0.132,0.3766,0.116,4.487
2005-11-12,20.5,23.3,9.1,0.163,,0.121,0.3616,0.113,4.0102
2005-11-13,39.5,13.5,9.5,0.22,,0.2,0.7913,1.579,15.494000000000002
2005-11-14,17.1,,10.1,0.273,,0.244,0.7787,1.399,16.5467
2005-11-15,15.3,5.1,6.4,1.289,,0.284,1.3251,1.711,16.6315
2005-11-16,0.0,0.0,2.7,0.8490000000000001,,0.246,0.9256,0.877,10.4243
2005-11-17,0.3,0.0,0.7,0.527,,0.227,0.7009,0.611,8.1473
2005-11-18,,0.1,0.3,0.386,,0.215,0.5601,0.476,7.1086
2005-11-19,0.0,0.0,0.7,0.31,,0.21,0.486,0.369,6.1917
2005-11-20,0.0,0.0,0.9,0.25,,0.198,0.4277,0.31,5.4193
2005-11-21,0.0,0.0,1.5,0.222,,0.191,0.403,0.275,5.4914
2005-11-22,0.0,0.0,1.0,0.209,,0.184,0.4047,0.258,5.4832
2005-11-23,,0.0,0.4,0.191,,0.18,0.4036,0.239,5.3756
2005-11-24,0.0,0.0,0.4,0.188,,0.17800000000000002,0.4005,0.214,5.1609
2005-11-25,,0.0,0.4,0.18600000000000005,,0.173,0.4053,0.211,5.1337
2005-11-26,0.0,0.0,0.2,0.184,,0.168,0.3856,0.194,4.8207
2005-11-27,0.0,0.0,0.1,0.17600000000000002,,0.162,0.3682,0.18,4.4453
2005-11-28,0.0,0.0,0.1,0.17,,0.156,0.362,0.16899999999999998,4.5328
2005-11-29,0.0,0.9,0.0,0.172,,0.15,0.3647,0.16,4.5893
2005-11-30,0.0,0.0,0.0,0.168,,0.145,0.3659,0.154,4.4566
2005-12-01,,0.0,0.0,0.16399999999999998,,0.14300000000000002,0.3627,0.14400000000000002,4.4121
2005-12-02,3.1,2.5,7.7,0.35100000000000003,,0.173,0.5875,0.439,7.6062
2005-12-03,0.0,0.0,0.0,0.28800000000000003,,0.168,0.4483,0.235,5.2211
2005-12-04,,0.1,0.0,0.187,,0.16,0.3617,0.155,4.2169
2005-12-05,0.0,0.0,0.0,0.183,,0.158,0.3554,0.142,4.2597
2005-12-06,0.0,0.0,0.0,0.183,,0.156,0.3519,0.125,4.216
2005-12-07,0.0,0.0,0.0,0.17600000000000002,,0.152,0.3479,0.116,4.0428
2005-12-08,0.0,0.0,0.0,0.16899999999999998,,0.147,0.3536,0.12,3.9401
2005-12-09,0.0,0.0,0.0,0.16699999999999998,,0.14300000000000002,0.3502,0.114,3.7575
2005-12-10,0.0,0.0,0.0,0.163,,0.139,0.3408,0.109,3.7235
2005-12-11,0.0,0.0,0.0,0.163,,0.136,0.3315,0.105,3.5289
2005-12-12,0.0,4.2,0.0,0.163,,0.13699999999999998,0.3773,0.106,3.6599
2005-12-13,,,0.0,0.163,,0.133,0.3897,0.103,3.7872
2005-12-14,0.0,,0.0,0.162,,0.134,0.378,0.104,3.7821
2005-12-15,0.0,0.0,0.0,0.162,,0.133,0.385,0.103,3.8085
2005-12-16,0.0,0.0,0.0,0.16,,0.132,0.3664,0.093,3.7936
2005-12-17,0.0,0.0,0.0,0.156,,0.129,0.3532,0.09,3.6167
2005-12-18,,0.6,0.0,0.155,,0.126,0.3448,0.08199999999999999,3.3185
2005-12-19,0.0,0.1,0.0,0.155,,0.123,0.3389,0.077,3.4432
2005-12-20,0.0,0.0,0.0,0.155,,0.121,0.3415,0.08199999999999999,3.6215
2005-12-21,0.0,3.8,0.0,0.155,,0.12,0.3525,0.087,3.6102
2005-12-22,0.0,,0.0,0.155,,0.12,0.3473,0.083,3.6284
2005-12-23,0.0,3.4,0.0,0.155,,0.117,0.3472,0.079,3.61
2005-12-24,0.0,,0.0,0.155,,0.113,0.341,0.077,3.4772
2005-12-25,0.0,,0.0,0.155,,0.119,0.3397,0.077,3.2657
2005-12-26,,0.0,0.0,0.155,,0.119,0.3453,0.078,3.2557
2005-12-27,,6.2,0.0,0.155,,0.121,0.3524,0.079,3.3118
2005-12-28,0.0,,0.0,0.155,,0.122,0.3547,0.075,3.2438
2005-12-29,0.0,,,0.155,,0.121,0.3746,0.077,3.0932
2005-12-30,0.0,,,0.155,,0.12,0.3474,0.077,3.1344
2005-12-31,,,,0.152,,0.119,0.3406,0.07200000000000001,3.0915
2006-01-01,0.0,0.0,0.0,0.149,,0.118,0.3412,0.071,2.9211
2006-01-02,0.0,0.0,0.0,0.149,,0.113,0.368,0.066,3.0618
2006-01-03,0.0,0.0,0.0,0.149,,0.105,0.3568,0.066,3.0608
2006-01-04,0.6,0.4,0.3,0.149,,0.106,0.3598,0.067,3.071
2006-01-05,4.1,2.3,3.7,0.149,,0.113,0.4324,0.139,4.1930000000000005
2006-01-06,5.1,5.3,2.8,0.149,,0.108,0.4925,0.104,3.4783
2006-01-07,31.9,9.9,12.7,0.263,,0.175,0.9788,0.6,11.116
2006-01-08,1.3,,2.2,4.727,,0.23,1.3641,0.938,16.5088
2006-01-09,12.2,1.7,1.7,1.4780000000000002,,0.192,0.8847,0.265,8.4696
2006-01-10,2.0,0.1,1.2,1.156,,0.255,1.2739,0.759,12.3934
2006-01-11,0.0,0.0,0.7,0.789,,0.182,0.8385,0.257,6.1488
2006-01-12,0.0,0.0,0.6,0.589,,0.177,0.6894,0.229,5.3382
2006-01-13,0.0,0.0,0.7,0.387,,0.165,0.6207,0.223,4.9186
2006-01-14,0.0,0.0,0.6,0.163,,0.162,0.5919,0.219,4.674
2006-01-15,5.4,3.6,0.6,0.158,,0.162,0.6733,0.21600000000000005,4.6686
2006-01-16,1.0,1.9,0.5,0.155,,0.156,0.5957,0.213,4.6872
2006-01-17,0.0,0.0,0.8,0.154,,0.153,0.5342,0.203,4.6169
2006-01-18,0.0,0.1,1.1,0.149,,0.152,0.5166,0.197,4.6146
2006-01-19,0.0,0.0,0.7,0.149,,0.151,0.5214,0.188,4.4338
2006-01-20,0.0,0.0,0.1,0.119,,0.14800000000000002,0.4201,0.17800000000000002,4.2957
2006-01-21,0.0,9.9,0.0,0.097,,0.145,0.3928,0.177,4.0438
2006-01-22,0.0,,0.0,0.097,,0.147,0.4319,0.17,3.7951
2006-01-23,0.0,0.0,0.0,0.095,,0.14400000000000002,0.4333,0.14400000000000002,4.0231
2006-01-24,0.0,6.6,0.0,0.093,,0.14,0.4266,0.123,4.0577
2006-01-25,0.0,,0.0,0.093,,0.14,0.4267,0.117,4.0772
2006-01-26,2.9,5.4,0.8,0.093,,0.142,0.3971,0.115,4.1139
2006-01-27,36.6,,9.7,0.092,,0.2,0.7624,0.503,9.577
2006-01-28,40.3,,22.7,0.422,,0.388,1.9552,2.249,23.3388
2006-01-29,4.6,4.7,33.1,19.591,,0.4970000000000001,6.7508,3.78,31.6891
2006-01-30,2.4,7.0,10.2,11.45,,0.563,3.2225,2.401,27.1526
2006-01-31,0.0,11.4,1.8,5.095,,0.556,1.8553,1.581,23.1702
2006-02-01,0.0,9.2,0.0,2.16,,0.5,1.5838,1.183,16.9901
2006-02-02,0.0,6.9,0.0,1.638,,0.463,1.5046,0.907,14.7902
2006-02-03,0.0,7.3,,1.471,,0.42,1.4414,0.754,12.3114
2006-02-04,0.0,,,1.354,,0.364,1.4016,0.669,10.7614
2006-02-05,0.0,,,1.243,,0.329,1.3867,0.643,9.5639
2006-02-06,0.0,,0.0,0.986,,0.304,1.3762,0.584,8.9994
2006-02-07,0.0,,0.0,0.675,,0.284,1.2888,0.517,8.4362
2006-02-08,0.0,,0.0,0.657,,0.275,1.2321,0.477,8.0207
2006-02-09,0.1,,0.0,0.645,,0.263,1.1985,0.4370000000000001,7.5367
2006-02-10,0.1,,0.1,0.623,,0.254,1.1229,0.4270000000000001,7.3474
2006-02-11,0.0,,0.0,0.622,,0.247,1.0367,0.44,7.1932
2006-02-12,0.0,,0.0,0.596,,0.238,0.8027,0.405,6.5997
2006-02-13,0.0,,0.0,0.557,,0.23,0.8352,0.369,6.4138
2006-02-14,0.0,,0.0,0.503,,0.227,0.8209,0.35100000000000003,6.3787
2006-02-15,,,0.0,0.459,,0.225,0.6979,0.343,6.3581
2006-02-16,0.0,,0.0,0.454,,0.222,0.7041,0.29,6.1495
2006-02-17,0.0,,0.0,0.449,,0.215,0.6754,0.268,6.0194
2006-02-18,0.0,,0.0,0.444,,0.211,0.6354,0.259,5.7091
2006-02-19,0.4,,0.0,0.439,,0.21,0.6659,0.265,5.4169
2006-02-20,0.0,,0.0,0.434,,0.208,0.6487,0.279,5.63
2006-02-21,13.1,,0.4,0.429,,0.209,0.6437,0.305,5.9860000000000015
2006-02-22,0.0,,0.6,0.424,,0.211,0.6617,0.3,5.6101
2006-02-23,0.0,,1.1,0.419,,0.2,0.632,0.342,5.5311
2006-02-24,0.0,,0.0,0.414,,0.193,0.5835,0.391,5.5533
2006-02-25,0.0,,0.1,0.408,,0.185,0.5328,0.269,5.0669
2006-02-26,5.4,,1.8,0.403,,0.192,0.7201,0.314,6.6488
2006-02-27,0.0,,0.5,0.398,,0.192,0.8316,0.256,5.5239
2006-02-28,0.0,,1.0,0.393,,0.183,0.6846,0.226,4.9688
2006-03-01,,,0.0,0.388,,0.181,0.599,0.263,5.1232
2006-03-02,0.0,,0.0,0.383,,0.182,0.5207,0.233,4.9703
2006-03-03,0.0,,0.0,0.378,,0.175,0.4534,0.187,4.8828
2006-03-04,0.1,,0.0,0.373,,0.171,0.4131,0.179,4.7626
2006-03-05,13.5,,1.1,0.368,,0.18,0.4999,0.405,7.2717
2006-03-06,0.0,,0.0,0.363,,0.16899999999999998,0.4323,0.202,4.8026
2006-03-07,0.0,,0.0,0.358,,0.163,0.4198,0.185,4.7051
2006-03-08,0.0,,0.0,0.353,,0.158,0.3905,0.183,4.6476
2006-03-09,0.0,,0.0,0.348,,0.155,0.3765,0.171,4.5549
2006-03-10,0.0,,0.0,0.343,,0.152,0.3748,0.16699999999999998,4.4938
2006-03-11,0.0,,0.0,0.338,,0.149,0.3761,0.147,4.3439999999999985
2006-03-12,,,0.0,0.333,,0.149,0.3742,0.118,4.0781
2006-03-13,0.1,,0.0,0.328,,0.15,0.3766,0.12,4.1648
2006-03-14,0.0,,0.0,0.322,,0.14800000000000002,0.4014,0.113,4.4433
2006-03-15,0.0,,0.0,0.317,,0.145,0.3692,0.098,4.3974
2006-03-16,0.0,,0.0,0.312,,0.14300000000000002,0.3745,0.097,4.2506
2006-03-17,0.0,,0.0,0.307,,0.147,0.3763,0.107,4.2248
2006-03-18,2.2,,,0.302,,0.151,0.3665,0.105,4.1867
2006-03-19,0.3,,0.2,0.297,,0.149,0.3969,0.149,4.2806
2006-03-20,1.7,,,0.292,,0.14800000000000002,0.3981,0.126,4.1254
2006-03-21,0.3,,,0.287,,0.16,0.5288,0.107,4.724
2006-03-22,0.0,,,0.282,,0.15,0.515,0.183,4.6908
2006-03-23,0.0,,,0.277,,0.131,0.439635417,0.108,4.335569444
2006-03-24,0.0,,,0.272,,0.12,0.3927,0.075,4.1259
2006-03-25,0.0,,,0.267,,0.122,0.3817,0.07200000000000001,3.8576
2006-03-26,0.0,,,0.262,,0.128,0.3729,0.087,3.5272
2006-03-27,0.0,,,0.257,,0.126,0.3688,0.062,3.7528
2006-03-28,0.0,,,0.252,,0.123,0.3786,0.056,3.9029
2006-03-29,0.0,,,0.247,,0.117,0.3744,0.056,3.8683
2006-03-30,0.0,,0.0,0.242,,0.115,0.3736,0.053,3.7498
2006-03-31,0.0,,,0.236,,0.106,0.4403,0.049,3.7361
2006-04-01,0.0,,0.0,0.231,,0.096,0.3822,0.05,3.459
2006-04-02,0.0,,0.0,0.226,,0.092,0.3565,0.049,3.1166
2006-04-03,0.0,,0.0,0.221,,0.098,0.4171,0.064,3.4632
2006-04-04,0.0,,0.0,0.21600000000000005,,0.11,0.4841,0.086,3.7841
2006-04-05,0.0,,0.0,0.211,,0.108,0.4381,0.094,3.6691
2006-04-06,0.0,,0.0,0.206,,0.103,0.3768,0.08800000000000001,3.5602
2006-04-07,0.0,,0.0,0.201,,0.1,0.3676,0.093,3.6083
2006-04-08,0.0,,0.0,0.196,,0.092,0.3353,0.13,3.3206
2006-04-09,0.0,,0.0,0.191,,0.076,0.3378,0.242,2.9734
2006-04-10,,,0.0,0.18600000000000005,,0.077,0.3421,0.3670000000000001,3.0817
2006-04-11,0.0,,0.0,0.181,,0.07,0.3475,0.159,3.099
2006-04-12,0.0,,0.0,0.17600000000000002,,0.064,0.3316,0.038,3.0665
2006-04-13,0.0,,0.0,0.171,,0.067,0.3203,0.039,2.903
2006-04-14,0.0,,0.0,0.166,,0.076,0.3061,0.036000000000000004,2.7556
2006-04-15,1.7,,1.3,0.161,,0.075,0.3179,0.033,2.6846
2006-04-16,0.0,,0.0,0.156,,0.071,0.3309,0.031,2.742
2006-04-17,4.4,,12.6,0.15,,0.085,0.4059,0.065,4.4517
2006-04-18,0.0,,0.0,0.145,,0.08900000000000001,0.3626,0.045,3.5729
2006-04-19,0.0,,0.0,0.14,,0.08800000000000001,0.3543,0.035,3.292
2006-04-20,,,0.0,0.135,,0.096,0.3536,0.07400000000000001,3.4848
2006-04-21,0.0,,0.0,0.13,,0.119,0.3961,0.079,3.5623
2006-04-22,0.0,,0.0,0.125,,0.101,0.3662,0.06,3.29
2006-04-23,0.0,,0.0,0.12,,0.09,0.3346,0.048,2.8465
2006-04-24,0.0,,0.0,0.115,,0.081,0.3208,0.043,3.0348
2006-04-25,0.0,,0.0,0.11,,0.062,0.278,0.036000000000000004,3.0593
2006-04-26,0.0,,0.0,0.105,,0.05,0.3087,0.031,3.0138
2006-04-27,0.3,,0.8,0.1,,0.069,0.328,0.034,3.1398
2006-04-28,0.8,,0.6,0.095,,0.086,0.3549,0.043,3.2018
2006-04-29,0.0,14.0,0.0,0.09,,0.08,0.3096,0.035,2.8843
2006-04-30,0.0,13.7,0.0,0.085,,0.075,0.2738,0.033,2.5893
2006-05-01,0.0,0.0,0.0,0.08,,0.078,0.255,0.027000000000000003,2.6
2006-05-02,0.0,0.0,0.0,0.075,,0.083,0.29600000000000004,0.027000000000000003,2.9078
2006-05-03,0.0,0.0,0.0,0.069,,0.076,0.344,0.03,3.1291
2006-05-04,0.2,0.3,0.4,0.064,,0.087,0.2897,0.032,3.1004
2006-05-05,0.0,0.1,0.0,0.059,,0.09,0.2541,0.031,3.1095
2006-05-06,0.0,0.0,0.0,0.054000000000000006,,0.08800000000000001,0.3132,0.024,2.8327
2006-05-07,0.0,0.0,0.0,0.049,,0.09,0.306,0.015,2.6213
2006-05-08,0.0,0.0,0.0,0.044,,0.102,0.3169,0.008,2.8755
2006-05-09,0.0,0.0,0.0,0.039,,0.112,0.3089,0.029,2.9974
2006-05-10,0.0,0.0,0.0,0.034,,0.121,0.2768,0.026,3.0631
2006-05-11,,0.0,1.0,0.031,,0.121,0.3212,0.035,3.0845
2006-05-12,,0.0,0.1,0.032,,0.096,0.3183,0.024,3.0454
2006-05-13,0.0,0.0,0.0,0.032,,0.092,0.2915,0.019,2.8087
2006-05-14,0.0,0.0,0.0,0.03,,0.08900000000000001,0.3039,0.011,2.6255
2006-05-15,0.0,0.0,0.0,0.029,,0.086,0.2846,0.004,2.7394
2006-05-16,0.0,0.0,0.0,0.032,,0.07200000000000001,0.2479,0.014,2.9204
2006-05-17,0.0,2.2,0.0,0.034,,0.081,0.1895,0.006999999999999999,2.8455
2006-05-18,0.0,1.7,0.0,0.035,,0.07,0.1865,0.0,2.8392
2006-05-19,0.0,0.0,0.0,0.038,,0.071,0.1261,0.0,2.9672
2006-05-20,0.0,0.0,0.0,0.033,,0.076,0.1094,0.0,2.9844
2006-05-21,0.0,0.0,0.0,0.029,,0.07200000000000001,0.1061,0.0,2.521
2006-05-22,0.0,4.2,0.0,0.027000000000000003,,0.083,0.18600000000000005,0.0,2.697
2006-05-23,,0.0,0.0,0.028,,0.076,0.4103,0.0,2.9412
2006-05-24,0.0,0.0,0.0,0.063,,0.054000000000000006,0.3322,0.0,3.0084
2006-05-25,0.0,0.0,0.0,0.041,,0.054000000000000006,0.3081,0.0,2.8251
2006-05-26,0.0,0.0,0.0,0.035,,0.059,0.3124,0.0,2.8705
2006-05-27,0.0,0.0,0.0,0.034,,0.055,0.2831,0.0,2.6492
2006-05-28,0.0,0.0,0.0,0.033,,0.051,0.2339,0.0,2.5185
2006-05-29,,0.0,0.0,0.031,,0.039,0.2482,0.003,2.6349
2006-05-30,2.2,0.0,,0.027000000000000003,,0.047,0.2572,0.001,2.7151
2006-05-31,0.6,0.0,0.4,0.031,,0.063,0.3224,0.08199999999999999,4.7795
2006-06-01,0.0,,0.0,0.036000000000000004,,0.043,0.2899,0.029,2.4661
2006-06-02,0.0,,0.0,0.033,,0.027000000000000003,0.2653,0.009000000000000001,2.7357
2006-06-03,0.0,0.0,0.0,0.033,,0.03,0.2421,0.002,2.7538
2006-06-04,0.0,0.0,0.0,0.03,,0.043,0.2177,0.0,2.5234
2006-06-05,,0.0,0.0,0.027000000000000003,,0.034,0.2016,0.0,2.6630000000000003
2006-06-06,0.0,0.0,0.0,0.027000000000000003,,0.037000000000000005,0.2451,0.0,2.6855
2006-06-07,0.0,0.0,0.0,0.028,,0.029,0.3155,0.0,2.7251
2006-06-08,0.0,0.0,0.0,0.032,,0.022,0.3969,0.0,2.7184
2006-06-09,,0.0,0.0,0.033,,0.022,0.3489,0.0,2.6954
2006-06-10,,0.0,0.0,0.033,,0.022,0.341,0.0,2.4989
2006-06-11,0.0,0.0,0.0,0.033,,0.031,0.3136,0.0,2.2752
2006-06-12,0.0,0.0,0.0,0.033,,0.03,0.3392,0.0,2.4778
2006-06-13,0.0,0.0,0.0,0.033,,0.036000000000000004,0.3419,0.0,2.5676
2006-06-14,0.0,0.0,0.0,0.035,,0.026,0.3257,0.0,2.6354
2006-06-15,0.5,0.0,1.4,0.035,,0.029,0.3491,0.0,2.6759
2006-06-16,1.0,0.0,0.1,0.038,,0.036000000000000004,0.3479,0.0,2.9673
2006-06-17,0.0,0.0,0.0,0.046,,0.042,0.3361,0.0,2.6057
2006-06-18,0.0,0.0,0.0,0.048,,0.035,0.3347,0.0,2.4658
2006-06-19,0.0,0.0,0.0,0.051,,0.03,0.3482,0.0,2.5551
2006-06-20,,0.0,0.2,0.056,,0.031,0.3467,0.0,2.5443
2006-06-21,0.0,0.0,0.0,0.063,,0.036000000000000004,0.319,0.0,2.6149
2006-06-22,0.0,0.0,0.0,0.062,,0.021,0.3647,0.0,2.6036
2006-06-23,0.0,0.0,0.0,0.059,,0.019,0.3499,0.0,2.6399
2006-06-24,0.0,0.0,0.0,0.057,,0.031,0.3485,0.0,2.3417
2006-06-25,0.0,0.0,0.0,0.051,,0.032,0.2996,0.0,2.1854
2006-06-26,0.0,0.0,0.0,0.046,,0.031,0.3367,0.0,2.3527
2006-06-27,0.0,0.0,0.0,0.044,,0.027000000000000003,0.3407,0.0,2.5627
2006-06-28,0.0,0.0,0.0,0.057,,0.034,0.2689,0.0,2.6871
2006-06-29,0.0,0.0,0.0,0.047,,0.041,0.2827,0.0,2.6772
2006-06-30,0.0,0.0,0.0,0.047,,0.037000000000000005,0.2449,0.0,2.5227
2006-07-01,0.0,0.0,0.0,0.046,,0.038,0.2489,0.0,2.2557
2006-07-02,0.0,0.0,0.0,0.048,,0.02,0.2179,0.0,2.0021
2006-07-03,0.0,0.0,0.0,0.043,,0.024,0.2121,0.0,2.2623
2006-07-04,0.0,0.0,0.0,0.042,,0.026,0.258,0.0,2.3606
2006-07-05,0.0,0.0,,0.044,,0.023,0.2814,0.0,2.3454
2006-07-06,,0.3,,0.049,,0.024,0.2955,0.0,4.1348
2006-07-07,0.0,0.0,0.0,0.048,,0.051,0.5202,0.019,3.4491
2006-07-08,0.0,0.0,0.0,0.042,,0.029,0.2845,0.0,2.6316
2006-07-09,0.0,0.0,0.0,0.042,,0.022,0.2794,0.0,2.2312
2006-07-10,0.0,0.0,0.0,0.04,,0.021,0.162,0.0,2.494
2006-07-11,0.0,0.0,0.0,0.041,,0.017,0.1046,0.0,2.3596
2006-07-12,0.0,0.0,0.0,0.042,,0.016,0.1015,0.0,2.3674
2006-07-13,,0.0,0.2,0.05,,0.016,0.0882,0.0,2.4276
2006-07-14,0.1,0.1,0.0,0.157,,0.017,0.0765,0.0,2.4029
2006-07-15,0.0,0.0,0.0,0.316,,0.017,0.0661,0.0,2.3131
2006-07-16,0.0,0.0,0.0,0.243,,0.017,0.0519,0.0,2.1917
2006-07-17,,0.0,0.5,0.065,,0.017,0.042,0.0,2.3485
2006-07-18,0.0,0.0,0.0,0.065,,0.017,0.0296,0.0,2.4438
2006-07-19,0.0,0.0,,0.048,,0.017,0.0159,0.0,2.4095
2006-07-20,0.0,0.0,0.0,0.048,,0.016,0.014,0.0,2.392
2006-07-21,0.0,0.0,0.0,0.048,,0.016,0.014,0.0,2.3078
2006-07-22,0.0,0.0,0.0,0.048,,0.016,0.014,0.0,2.1392
2006-07-23,0.0,0.0,0.0,0.046,,0.016,0.014,0.0,1.8496
2006-07-24,0.0,0.0,0.0,0.044,,0.015,0.014,0.0,2.1181
2006-07-25,0.0,0.0,0.0,0.039,,0.015,0.014,0.0,2.2230000000000003
2006-07-26,0.0,0.0,0.0,0.038,,0.014,0.014,0.0,2.185
2006-07-27,,0.1,0.0,0.034,,0.014,0.014,0.0,2.2035
2006-07-28,0.0,0.0,0.0,0.033,,0.014,0.014,0.0,2.1618
2006-07-29,0.0,0.0,0.0,0.03,,0.014,0.014,0.0,1.92
2006-07-30,0.0,0.0,0.0,0.026,,0.013,0.0353,0.0,1.7662
2006-07-31,0.0,0.0,0.0,0.021,,0.012,0.0447,0.0,2.0178
2006-08-01,0.0,0.0,0.0,0.018000000000000002,,0.013,0.0426,0.0,2.0695
2006-08-02,0.0,0.0,0.0,0.022,,0.013,0.0548,0.0,1.9965
2006-08-03,1.0,0.3,2.4,0.024,,0.028,0.0646,0.0,2.0756
2006-08-04,0.0,0.0,0.0,0.033,,0.042,0.0889,0.0,2.2782
2006-08-05,0.0,0.0,0.0,0.029,,0.065,0.3127,0.025,4.3297
2006-08-06,0.0,0.0,3.9,0.027000000000000003,,0.034,0.2139,0.0,2.9008
2006-08-07,0.0,0.0,0.0,0.027000000000000003,,0.023,0.1081,0.0,2.018
2006-08-08,3.0,2.3,2.3,0.05,,0.06,0.0778,0.344,2.9981
2006-08-09,0.0,0.0,0.0,0.131,,0.047,0.0726,0.122,2.5824
2006-08-10,0.0,0.0,0.0,0.043,,0.023,0.0538,0.0,1.8941
2006-08-11,0.0,0.0,0.0,0.038,,0.022,0.0535,0.0,1.7922
2006-08-12,3.9,8.0,4.4,0.034,,0.026,0.0744,0.004,1.9468
2006-08-13,0.0,0.0,0.0,0.033,,0.038,0.1681,0.009000000000000001,2.5138
2006-08-14,3.6,2.2,9.0,0.035,,0.024,0.0941,0.0,1.8704
2006-08-15,27.3,33.1,30.9,0.882,,0.091,0.4428,0.847,5.7862
2006-08-16,0.0,0.0,0.0,0.168,,0.059,0.3937,0.449,3.0398
2006-08-17,0.4,0.0,0.9,0.07,,0.025,0.1285,0.017,2.5138
2006-08-18,0.0,0.0,0.0,0.052000000000000005,,0.024,0.1088,0.0,1.89
2006-08-19,0.0,0.0,0.0,0.035,,0.022,0.104,0.0,1.6718
2006-08-20,0.0,0.0,0.0,0.033,,0.019,0.1003,0.0,1.7913
2006-08-21,0.0,0.0,0.0,0.027000000000000003,,0.019,0.1017,0.0,1.9091
2006-08-22,0.0,0.0,0.0,0.028,,0.018000000000000002,0.0945,0.0,1.8856
2006-08-23,1.0,0.3,0.6,0.029,,0.018000000000000002,0.0932,0.0,1.9317
2006-08-24,3.5,7.1,0.0,0.032,,0.025,0.1578,0.0,1.9519
2006-08-25,0.0,0.0,0.0,0.033,,0.03,0.2097,0.003,2.9086
2006-08-26,,0.0,0.0,0.036000000000000004,,0.022,0.1157,0.0,2.0521
2006-08-27,0.0,0.0,0.0,0.034,,0.022,0.1197,0.0,1.9237
2006-08-28,0.0,0.0,0.0,0.033,,0.021,0.1168,0.0,2.0731
2006-08-29,,0.0,0.0,0.033,,0.021,0.1084,0.0,2.127
2006-08-30,0.0,0.0,0.0,0.033,,0.021,0.1195,0.0,2.116
2006-08-31,0.0,0.0,0.0,0.033,,0.02,0.1184,0.0,2.1228
2006-09-01,0.0,0.0,0.0,0.034,,0.019,0.0935,0.0,2.1499
2006-09-02,,0.0,0.0,0.027000000000000003,,0.019,0.1164,0.0,2.0566
2006-09-03,0.0,0.0,0.0,0.027000000000000003,,0.019,0.1299,0.0,1.9325
2006-09-04,0.0,0.0,0.0,0.025,,0.017,0.1183,0.0,2.0942
2006-09-05,0.0,0.0,0.0,0.02,,0.016,0.1085,0.0,2.1977
2006-09-06,0.0,0.0,0.0,0.022,,0.015,0.12,0.0,2.2463
2006-09-07,0.0,0.0,0.0,0.026,,0.015,0.2048,0.0,2.2064
2006-09-08,0.0,0.0,0.0,0.035,,0.015,0.2078,0.0,2.3428
2006-09-09,0.0,0.0,0.0,0.048,,0.015,0.2059,0.0,2.319
2006-09-10,0.0,0.0,0.0,0.046,,0.015,0.1769,0.0,2.1437
2006-09-11,0.3,1.6,0.0,0.038,,0.015,0.1409,0.0,2.0431
2006-09-12,95.4,62.5,121.9,0.038,,0.024,0.2533,0.015,3.9617
2006-09-13,28.2,15.5,29.3,4.339,,0.4920000000000001,15.6056,8.62,82.5285
2006-09-14,18.5,19.2,46.8,2.282,,0.297,1.631,3.004,23.5818
2006-09-15,0.0,0.0,0.1,1.908,,0.273,1.7385,4.099,20.5512
2006-09-16,,0.0,0.0,1.214,,0.184,1.1587,1.712,12.4483
2006-09-17,0.0,0.0,0.0,0.433,,0.156,0.6587,0.524,6.5914
2006-09-18,0.0,0.0,0.0,0.213,,0.142,0.5177,0.28600000000000003,5.2912
2006-09-19,0.0,0.0,0.0,0.13,,0.132,0.4461,0.18,4.7987
2006-09-20,0.0,,0.5,0.087,,0.128,0.3922,0.145,4.5153
2006-09-21,0.0,0.0,0.0,0.077,,0.124,0.3622,0.113,4.138
2006-09-22,0.9,2.0,2.9,0.07200000000000001,,0.117,0.3477,0.108,4.0511
2006-09-23,10.8,12.0,12.5,0.198,,0.142,0.4989,0.348,7.7167
2006-09-24,0.0,0.0,0.0,0.172,,0.135,0.5941,0.197,6.0588
2006-09-25,0.0,0.0,0.0,0.102,,0.121,0.3612,0.106,4.1826
2006-09-26,0.0,0.0,0.0,0.085,,0.115,0.3263,0.097,3.8863
2006-09-27,0.0,0.0,0.0,0.078,,0.105,0.3289,0.09,3.7589
2006-09-28,0.0,0.0,0.0,0.077,,0.101,0.3242,0.079,3.6588
2006-09-29,,0.0,0.0,0.078,,0.093,0.3208,0.064,3.6019
2006-09-30,0.0,0.0,0.0,0.075,,0.09,0.2996,0.055,3.3492
2006-10-01,0.0,0.0,0.0,0.068,,0.078,0.2726,0.051,3.0334
2006-10-02,,0.0,0.0,0.071,,0.068,0.2446,0.047,3.0681
2006-10-03,0.0,0.0,0.0,0.071,,0.063,0.3009,0.043,3.198
2006-10-04,0.4,1.5,0.4,0.07,,0.07400000000000001,0.4376,0.04,3.5204
2006-10-05,0.0,0.0,0.0,0.112,,0.084,0.434,0.057,3.7491
2006-10-06,0.0,0.0,0.0,0.07200000000000001,,0.092,0.3352,0.047,3.4831
2006-10-07,,0.0,0.6,0.068,,0.08900000000000001,0.3072,0.044,3.2457
2006-10-08,,,0.0,0.069,,0.087,0.3033,0.046,3.1073
2006-10-09,0.2,,0.0,0.066,,0.083,0.316,0.049,3.322
2006-10-10,0.0,0.0,0.0,0.066,,0.08,0.3056,0.045,3.4237
2006-10-11,14.5,7.5,39.1,0.113,,0.187,0.4208,0.502,7.7487
2006-10-12,11.5,16.4,6.3,0.254,,0.201,0.8405,0.315,10.1473
2006-10-13,0.0,0.0,0.0,0.142,,0.146,0.4138,0.14,5.3677
2006-10-14,0.0,0.0,0.0,0.102,,0.133,0.3297,0.064,3.7207
2006-10-15,0.0,0.0,0.0,0.08900000000000001,,0.119,0.3112,0.053,3.2632
2006-10-16,0.5,0.0,0.0,0.085,,0.107,0.2919,0.045,3.4492
2006-10-17,,0.0,0.4,0.085,,0.102,0.3034,0.042,3.4343
2006-10-18,10.6,8.3,20.1,1.467,,0.247,0.8169,1.223,12.0174
2006-10-19,0.0,0.0,0.5,0.62,,0.232,1.0985,1.114,11.9983
2006-10-20,0.1,0.0,0.0,0.22,,0.18,0.6949,0.416,6.6255
2006-10-21,0.0,0.0,0.0,0.166,,0.168,0.4215,0.193,5.0704
2006-10-22,0.0,0.0,0.0,0.136,,0.155,0.3733,0.126,4.4655
2006-10-23,0.1,0.1,0.3,0.117,,0.146,0.5241,0.096,4.4862
2006-10-24,0.0,0.0,0.0,0.109,,0.139,0.6232,0.071,4.5734
2006-10-25,0.0,0.0,0.0,0.097,,0.134,0.6222,0.059,4.4404
2006-10-26,0.0,0.0,0.0,0.095,,0.127,0.6072,0.055,4.3438
2006-10-27,0.0,0.0,0.0,0.085,,0.117,0.5204,0.052000000000000005,4.239
2006-10-28,0.0,0.0,0.0,0.085,,0.109,0.5117,0.051,3.9854
2006-10-29,0.0,0.0,0.0,0.085,,0.098,0.5018,0.043,3.664
2006-10-30,0.0,0.0,0.0,0.085,,0.094,0.484,0.044,3.8638
2006-10-31,0.0,0.0,0.0,0.087,,0.092,0.4393,0.041,3.8734
2006-11-01,,0.0,0.0,0.085,,0.09,0.3243,0.041,3.5036
2006-11-02,0.0,0.0,0.0,0.09,,0.09,0.3478,0.038,3.5222
2006-11-03,0.0,0.0,0.0,0.09,,0.08900000000000001,0.358,0.038,3.5859
2006-11-04,0.0,0.0,0.0,0.092,,0.08900000000000001,0.3746,0.037000000000000005,3.4221
2006-11-05,0.0,0.0,0.0,0.092,,0.09,0.3579,0.037000000000000005,3.2765
2006-11-06,0.0,0.0,0.0,0.093,,0.08900000000000001,0.3267,0.037000000000000005,3.425
2006-11-07,0.1,0.1,0.0,0.096,,0.08900000000000001,0.3923,0.037000000000000005,3.5566
2006-11-08,0.0,0.0,0.0,0.1,,0.09,0.3642,0.037000000000000005,3.5005
2006-11-09,0.0,0.0,0.0,0.097,,0.08900000000000001,0.394,0.035,3.5064
2006-11-10,0.0,0.0,0.0,0.098,,0.08800000000000001,0.3649,0.025,3.5031
2006-11-11,0.0,0.0,0.0,0.099,,0.08900000000000001,0.3468,0.024,3.3529
2006-11-12,0.0,0.0,0.0,0.094,,0.09,0.3847,0.026,3.1992
2006-11-13,0.0,0.0,0.0,0.091,,0.087,0.3894,0.027000000000000003,3.3629
2006-11-14,0.0,0.0,0.0,0.085,,0.084,0.3297,0.027000000000000003,3.3456
2006-11-15,0.0,0.0,0.0,0.085,,0.083,0.3727,0.038,3.4472
2006-11-16,0.3,0.1,,0.085,,0.083,0.3893,0.033,3.3937
2006-11-17,1.1,1.2,,0.086,,0.086,0.3432,0.028,3.5273
2006-11-18,0.0,0.0,,0.09,,0.09,0.3009,0.026,3.3
2006-11-19,0.0,0.0,,0.086,,0.084,0.2943,0.025,3.0358
2006-11-20,0.0,0.0,,0.085,,0.077,0.3322,0.024,3.1204
2006-11-21,0.0,0.0,,0.083,,0.077,0.3803,0.025,3.2283
2006-11-22,,0.0,,0.08199999999999999,,0.08,0.3697,0.025,3.2729
2006-11-23,0.0,0.0,0.0,0.08,,0.076,0.3179,0.024,3.2219
2006-11-24,,0.0,0.0,0.08,,0.075,0.3457,0.024,3.1219
2006-11-25,0.0,0.0,0.0,0.08,,0.079,0.3586,0.024,3.0093
2006-11-26,0.0,1.9,0.0,0.067,,0.08199999999999999,0.3944,0.024,2.8471
2006-11-27,0.0,0.0,0.0,0.078,,0.079,0.4111,0.024,3.0661
2006-11-28,0.0,0.0,0.0,0.08800000000000001,,0.076,0.3791,0.026,3.1918
2006-11-29,0.0,0.0,0.0,0.091,,0.075,0.3568,0.024,3.1553
2006-11-30,0.0,0.0,0.0,0.094,,0.076,0.3312,0.025,3.0994
2006-12-01,0.7,0.0,0.2,0.092,,0.076,0.3527,0.025,3.17
2006-12-02,0.0,1.7,0.0,0.095,,0.077,0.2929,0.025,2.9742
2006-12-03,0.0,0.0,0.0,0.093,,0.07400000000000001,0.3111,0.025,2.7771
2006-12-04,0.0,0.0,0.0,0.093,,0.07200000000000001,0.3388,0.024,2.984
2006-12-05,4.4,15.2,2.8,0.097,,0.076,0.4198,0.021,3.1722
2006-12-06,18.0,,11.5,0.163,,0.146,0.608,1.074,9.8138
2006-12-07,0.1,0.0,0.1,0.117,,0.115,0.4038,0.098,3.5614
2006-12-08,0.7,0.8,0.8,0.11,,0.107,0.3367,0.054000000000000006,3.2192
2006-12-09,0.0,0.0,0.0,0.1,,0.098,0.3022,0.044,2.8979
2006-12-10,0.0,0.0,0.0,0.093,,0.08900000000000001,0.2711,0.037000000000000005,2.7617
2006-12-11,0.0,0.0,0.0,0.092,,0.08800000000000001,0.3197,0.031,3.1096
2006-12-12,0.0,0.0,0.0,0.092,,0.086,0.341,0.026,3.2584
2006-12-13,0.0,0.0,0.0,0.092,,0.08199999999999999,0.3189,0.026,3.2678
2006-12-14,0.4,0.5,0.0,0.092,,0.091,0.3064,0.024,3.2369
2006-12-15,6.7,6.8,6.5,0.104,,0.111,0.5106,0.205,6.394
2006-12-16,0.0,0.0,0.0,0.1,,0.096,0.3578,0.05,3.4652
2006-12-17,0.0,0.0,0.0,0.095,,0.085,0.2962,0.04,2.9785
2006-12-18,0.0,0.1,0.0,0.093,,0.077,0.3125,0.038,3.1145
2006-12-19,0.0,0.0,0.0,0.094,,0.08,0.3456,0.036000000000000004,3.2761
2006-12-20,0.0,,0.0,0.097,,0.076,0.3408,0.031,3.2417
2006-12-21,0.0,0.0,0.0,0.097,,0.076,0.3124,0.029,3.1839
2006-12-22,6.9,4.4,5.6,0.097,,0.078,0.2954,0.041,3.9371
2006-12-23,0.0,0.0,0.0,0.097,,0.075,0.35100000000000003,0.049,3.8088
2006-12-24,0.0,0.0,0.0,0.093,,0.07400000000000001,0.2889,0.037000000000000005,2.8759
2006-12-25,0.0,0.0,0.0,0.092,,0.075,0.2714,0.038,2.7347
2006-12-26,0.0,0.0,0.0,0.092,,0.075,0.3097,0.034,2.7367
2006-12-27,0.0,0.0,0.0,0.092,,0.075,0.2887,0.027000000000000003,2.8207
2006-12-28,0.0,0.0,0.0,0.092,,0.075,0.3066,0.027000000000000003,2.8841
2006-12-29,0.0,0.0,0.0,0.092,,0.07400000000000001,0.2865,0.027000000000000003,2.8687
2006-12-30,0.0,,0.0,0.09,,0.07400000000000001,0.2483,0.027000000000000003,2.7665
2006-12-31,0.0,1.9,0.0,0.08800000000000001,,0.07400000000000001,0.2647,0.025,2.7187
2007-01-01,0.0,0.0,0.0,0.085,,0.07400000000000001,0.2842,0.027000000000000003,2.7242
2007-01-02,0.0,0.0,0.0,0.084,,0.07400000000000001,0.313,0.026,2.9164
2007-01-03,0.0,0.0,0.0,0.085,,0.075,0.3362,0.026,3.0518
2007-01-04,0.0,0.0,0.0,0.085,,0.075,0.2998,0.033,3.0528
2007-01-05,0.0,0.0,0.0,0.083,,0.075,0.3265,0.03,2.9998
2007-01-06,0.0,0.0,0.0,0.08199999999999999,,0.076,0.3008,0.029,2.7668
2007-01-07,0.0,0.0,0.0,0.079,,0.076,0.2936,0.027000000000000003,2.7110000000000003
2007-01-08,0.0,0.0,0.0,0.08199999999999999,,0.077,0.2976,0.032,2.9192
2007-01-09,0.0,0.0,0.0,0.08199999999999999,,0.08199999999999999,0.3258,0.036000000000000004,3.1107
2007-01-10,0.0,0.0,0.0,0.084,,0.083,0.3267,0.029,3.1472
2007-01-11,0.0,0.0,0.0,0.085,,0.08199999999999999,0.2998,0.031,3.1354
2007-01-12,0.0,0.0,0.0,0.084,,0.081,0.2717,0.025,3.0461
2007-01-13,0.0,0.0,0.0,0.081,,0.077,0.2525,0.023,2.8311
2007-01-14,0.0,0.0,0.0,0.08,,0.078,0.2686,0.023,2.7091
2007-01-15,0.0,0.0,0.0,0.078,,0.075,0.2813,0.022,2.7883
2007-01-16,,0.0,0.2,0.083,,0.073,0.3324,0.022,3.0284
2007-01-17,0.0,0.0,0.0,0.083,,0.07400000000000001,0.2537,0.022,2.9242
2007-01-18,0.0,0.0,0.0,0.08199999999999999,,0.076,0.2807,0.022,2.9078
2007-01-19,0.0,0.0,0.0,0.078,,0.076,0.2928,0.022,2.8545
2007-01-20,0.0,0.0,0.0,0.08,,0.077,0.2983,0.021,2.8345
2007-01-21,,0.0,0.0,0.078,,0.08199999999999999,0.3033,0.021,2.6935
2007-01-22,5.4,0.0,3.1,0.08,,0.087,0.295989583,0.038,3.432732639
2007-01-23,0.0,0.0,0.0,0.107,,0.112,0.2636,0.066,3.5178
2007-01-24,0.0,0.0,0.0,0.083,,0.101,0.2336,0.027000000000000003,2.97
2007-01-25,0.0,0.0,0.0,0.078,,0.091,0.2209,0.028,2.9439
2007-01-26,0.0,0.0,0.0,0.077,,0.087,0.229,0.027000000000000003,2.9189
2007-01-27,0.0,0.0,0.0,0.075,,0.087,0.2309,0.027000000000000003,2.8116
2007-01-28,0.0,0.0,0.0,0.075,,0.087,0.2257,0.027000000000000003,2.6507
2007-01-29,0.0,0.0,0.0,0.07200000000000001,,0.087,0.2262,0.025,2.7989
2007-01-30,0.0,0.0,0.0,0.07400000000000001,,0.087,0.2589,0.025,2.8896
2007-01-31,0.8,1.4,0.3,0.07200000000000001,,0.08199999999999999,0.2955,0.024,2.8878
2007-02-01,0.0,0.0,0.0,0.075,,0.087,0.3555,0.025,3.0423
2007-02-02,0.0,0.0,0.0,0.07400000000000001,,0.08800000000000001,0.3087,0.024,2.8671
2007-02-03,0.0,0.0,0.0,0.07200000000000001,,0.08199999999999999,0.3105,0.023,2.7339
2007-02-04,0.0,0.0,0.0,0.07200000000000001,,0.08199999999999999,0.287,0.022,2.5645
2007-02-05,0.2,0.0,0.5,0.07200000000000001,,0.077,0.2929,0.021,2.9649
2007-02-06,0.0,0.0,0.0,0.07200000000000001,,0.084,0.3511,0.021,2.9173
2007-02-07,0.0,0.0,0.0,0.07400000000000001,,0.08800000000000001,0.3499,0.021,2.8909
2007-02-08,6.7,3.3,7.4,0.076,,0.111,0.4301,0.116,5.5561
2007-02-09,0.2,0.0,0.0,0.138,,0.11,0.4116,0.08,3.634
2007-02-10,0.0,0.0,0.0,0.085,,0.105,0.2834,0.037000000000000005,2.919
2007-02-11,0.0,0.0,0.0,0.08199999999999999,,0.1,0.2453,0.029,2.6609
2007-02-12,,0.0,0.0,0.078,,0.098,0.2572,0.024,2.776
2007-02-13,0.0,0.0,0.0,0.079,,0.097,0.2679,0.023,2.8034
2007-02-14,0.0,0.0,0.0,0.078,,0.099,0.2806,0.033,2.8786
2007-02-15,0.0,0.0,0.0,0.079,,0.097,0.2539,0.037000000000000005,2.8165
2007-02-16,0.0,0.0,0.0,0.078,,0.1,0.2468,0.035,2.7767
2007-02-17,28.0,11.2,15.4,0.08900000000000001,,0.146,0.5238,0.443,8.2051
2007-02-18,0.2,0.1,0.2,0.113,,0.139,0.5411,0.166,4.3091
2007-02-19,0.0,0.0,0.0,0.08800000000000001,,0.122,0.2986,0.069,3.1613
2007-02-20,0.0,0.0,0.0,0.083,,0.109,0.2834,0.056,2.8957
2007-02-21,,0.0,0.0,0.087,,0.117,0.5485,0.098,3.1877
2007-02-22,0.0,0.0,0.0,0.086,,0.117,0.4886,0.071,3.3681
2007-02-23,0.0,0.0,0.0,0.081,,0.121,0.4320000000000001,0.05,2.9324
2007-02-24,0.0,0.0,0.0,0.08,,0.111,0.3677,0.041,2.7534
2007-02-25,,0.0,0.0,0.078,,0.112,0.3948,0.038,2.4795
2007-02-26,0.0,0.0,0.0,0.083,,0.104,0.318,0.038,2.6147
2007-02-27,0.0,0.0,0.0,0.078,,0.092,0.2664,0.036000000000000004,2.7096
2007-02-28,0.0,0.0,0.0,0.073,,0.073,0.2946,0.034,2.8314
2007-03-01,0.0,0.0,0.0,0.069,,0.07,0.3881,0.026,2.827
2007-03-02,0.0,0.0,0.0,0.068,,0.068,0.4168,0.009000000000000001,2.8068
2007-03-03,0.0,31.0,0.0,0.069,,0.067,0.4999,0.0,2.6731
2007-03-04,0.0,0.0,0.0,0.069,,0.067,0.4598,0.0,2.4349
2007-03-05,0.0,0.0,0.0,0.069,,0.067,0.4915,0.0,2.5741
2007-03-06,0.0,0.0,0.0,0.073,,0.066,0.5246,0.0,2.6763
2007-03-07,8.4,9.4,11.3,0.08800000000000001,,0.101,0.675,0.187,6.1698
2007-03-08,0.0,0.0,0.1,0.166,,0.094,0.7586,0.08900000000000001,4.2927
2007-03-09,0.0,0.0,0.0,0.081,,0.08800000000000001,0.6622,0.015,3.0619
2007-03-10,0.0,0.0,0.0,0.075,,0.07200000000000001,0.63,0.005,2.721
2007-03-11,0.0,0.0,0.0,0.07200000000000001,,0.07200000000000001,0.6465,0.001,2.407
2007-03-12,0.0,0.0,0.0,0.07200000000000001,,0.073,0.6695,0.001,2.5582
2007-03-13,0.0,0.0,0.0,0.073,,0.069,0.6422,0.0,2.6278
2007-03-14,0.0,0.0,0.0,0.078,,0.068,0.6767,0.0,2.7722
2007-03-15,0.0,0.0,0.0,0.078,,0.068,0.5895,0.0,2.7219
2007-03-16,0.7,0.0,0.6,0.073,,0.066,0.4455,0.0,2.8072
2007-03-17,0.0,0.0,0.1,0.067,,0.066,0.4586,0.0,2.6656
2007-03-18,0.0,0.1,0.0,0.07,,0.065,0.4104,0.0,2.3959
2007-03-19,,0.0,0.4,0.071,,0.065,0.4251,0.0,2.6066
2007-03-20,0.0,0.0,0.0,0.07200000000000001,,0.065,0.3717,0.0,2.7494
2007-03-21,0.0,0.1,0.0,0.07400000000000001,,0.063,0.3601,0.0,2.789
2007-03-22,0.0,0.0,0.0,0.075,,0.062,0.3875,0.0,2.7023
2007-03-23,0.1,2.7,0.0,0.071,,0.062,0.4233,0.0,2.5993
2007-03-24,0.3,0.8,0.2,0.07,,0.061,0.3903,0.0,2.5219
2007-03-25,0.0,0.0,0.0,0.069,,0.061,0.4337,0.0,2.3829
2007-03-26,0.1,0.0,0.0,0.069,,0.061,0.4076,0.0,2.5446
2007-03-27,0.2,0.0,0.0,0.07200000000000001,,0.06,0.4407,0.0,2.7529
2007-03-28,4.8,0.3,0.7,0.076,,0.06,0.433,0.0,3.0135
2007-03-29,0.8,0.2,0.2,0.078,,0.059,0.4414,0.0,2.8424
2007-03-30,2.0,0.0,2.2,0.077,,0.058,0.4116,0.0,2.7742
2007-03-31,1.9,0.0,2.1,0.077,,0.075,0.4185,0.0,3.4341
2007-04-01,0.9,0.5,0.7,0.07200000000000001,,0.076,0.4612,0.0,2.7526
2007-04-02,74.0,11.8,,0.68,,0.177,0.9519,0.645,9.8837
2007-04-03,9.2,6.0,,5.117,,0.546,4.4217,5.42,28.2716
2007-04-04,3.1,,,1.64,,0.368,1.4386,1.012,15.3909
2007-04-05,5.8,,,1.382,,0.374,1.2191,0.789,13.7212
2007-04-06,0.0,0.0,,0.8590000000000001,,0.263,0.8173,0.225,7.2666
2007-04-07,,0.0,,0.478,,0.225,0.5657,0.098,5.1892
2007-04-08,0.0,0.0,,0.294,,0.204,0.4970000000000001,0.054000000000000006,4.4061
2007-04-09,3.0,3.3,,0.194,,0.191,0.4491,0.043,4.1058
2007-04-10,1.0,0.3,,0.149,,0.18600000000000005,0.6756,0.059,5.43
2007-04-11,0.0,0.0,,0.128,,0.18,0.5829,0.043,4.325
2007-04-12,5.1,0.9,,0.12,,0.17600000000000002,0.5492,0.061,4.9689999999999985
2007-04-13,12.0,3.5,,0.172,,0.193,0.6848,0.13699999999999998,5.8836
2007-04-14,1.5,1.2,,0.889,,0.197,0.8525,0.195,7.1918
2007-04-15,0.0,0.0,,0.83,,0.188,0.6577,0.04,5.0818
2007-04-16,0.0,0.0,,0.429,,0.188,0.607,0.03,4.5911
2007-04-17,0.0,0.0,,0.693,,0.185,0.5891,0.021,4.2619
2007-04-18,0.0,0.0,,0.516,,0.205,0.5474,0.019,4.9889
2007-04-19,0.0,0.0,,0.297,,0.18600000000000005,0.5655,0.019,4.2274
2007-04-20,0.0,0.0,,0.196,,0.174,0.514,0.015,3.9912
2007-04-21,0.0,0.0,,0.165,,0.163,0.4913,0.015,3.6453
2007-04-22,0.0,0.0,0.0,0.14400000000000002,,0.152,0.4651,0.001,3.2767
2007-04-23,0.0,0.0,0.0,0.128,,0.136,0.4724,0.016,3.3286
2007-04-24,0.0,,0.0,0.114,,0.128,0.4977,0.018000000000000002,3.5676
2007-04-25,0.0,0.0,0.0,0.098,,0.119,0.4989,0.017,3.2721
2007-04-26,0.0,0.0,0.0,0.091,,0.121,0.5292,0.003,3.132
2007-04-27,,0.0,0.0,0.09,,0.132,0.5318,0.001,3.1283
2007-04-28,0.2,0.0,0.0,0.093,,0.128,0.5384,0.004,3.033
2007-04-29,1.1,1.2,0.0,0.21,,0.15,0.77,0.264,4.0388
2007-04-30,2.7,1.2,0.0,0.142,,0.138,0.669,0.084,3.783
2007-05-01,12.9,3.9,,0.907,,0.3720000000000001,1.3214,1.371,15.7063
2007-05-02,0.0,0.0,,0.421,,0.234,1.1336,0.229,7.7125
2007-05-03,4.6,1.7,,0.215,,0.21,0.8492,0.133,6.3313
2007-05-04,0.1,0.2,,0.177,,0.188,0.8131,0.086,5.1153
2007-05-05,2.9,0.8,,0.215,,0.185,0.6553,0.1,7.4894
2007-05-06,0.9,0.0,,0.181,,0.17800000000000002,0.5599,0.061,4.7556
2007-05-07,0.0,4.4,,0.14400000000000002,,0.159,0.5736,0.033,4.1766
2007-05-08,0.0,0.0,,0.133,,0.14300000000000002,0.5664,0.02,4.0346
2007-05-09,0.0,2.5,,0.118,,0.132,0.5257,0.011,3.7757
2007-05-10,0.0,3.9,,0.105,,0.122,0.5081,0.003,3.5954
2007-05-11,0.0,0.0,0.0,0.094,0.044,0.115,0.4924,0.0,3.4507
2007-05-12,0.0,0.0,0.0,0.085,0.0434,0.109,0.4701,0.0,3.2391
2007-05-13,5.5,1.7,5.9,0.078,0.0517,0.109,0.4486,0.0,2.9210000000000003
2007-05-14,2.0,1.3,1.4,0.17,0.0571,0.15,0.9586,0.154,6.8855
2007-05-15,0.0,0.0,0.0,0.106,0.0491,0.122,0.631,0.031,4.0301
2007-05-16,0.0,0.0,,0.084,0.0482,0.111,0.5498,0.014,3.6237
2007-05-17,0.0,,,0.078,0.0514,0.106,0.5046,0.002,3.5264
2007-05-18,0.0,0.0,0.0,0.073,0.0672,0.1,0.455,0.0,3.4366
2007-05-19,0.7,0.0,0.4,0.071,0.055,0.08800000000000001,0.4672,0.0,3.2204
2007-05-20,4.8,0.1,4.1,0.068,0.0383,0.091,0.4023,0.0,2.986
2007-05-21,0.0,0.6,0.9,0.08199999999999999,0.0257,0.116,0.4539,0.071,4.8386
2007-05-22,0.2,0.0,0.0,0.069,0.0132,0.08900000000000001,0.454,0.013,3.3599
2007-05-23,0.1,0.0,0.2,0.058,0.0192,0.097,0.4885,0.0,3.3469
2007-05-24,0.0,0.0,,0.06,0.0283,0.097,0.4579,0.0,3.322
2007-05-25,0.0,0.0,0.0,0.057,0.0243,0.09,0.4883,0.0,3.3122
2007-05-26,0.2,0.0,3.2,0.073,0.0248,0.132,0.4916,0.086,3.8682
2007-05-27,1.3,2.0,0.3,0.266,0.0348,0.161,0.6241,0.118,5.1297
2007-05-28,0.0,0.0,0.0,0.077,0.0145,0.106,0.4723,0.002,3.3752
2007-05-29,0.0,0.0,0.0,0.069,0.0108,0.091,0.4649,0.0,3.1379
2007-05-30,0.1,0.0,0.0,0.066,0.0098,0.077,0.421,0.0,2.927
2007-05-31,0.0,0.0,0.0,0.061,0.012,0.079,0.4628,0.0,2.9581
2007-06-01,0.0,0.0,0.0,0.062,0.0141,0.071,0.4382,0.0,2.7334
2007-06-02,0.0,0.0,0.0,0.064,0.0086,0.06,0.4376,0.0,2.7768
2007-06-03,0.0,0.0,0.3,0.065,0.0076,0.057,0.5065,0.0,2.5277
2007-06-04,0.0,0.0,,0.067,0.0073,0.058,0.5314,0.0,2.6611
2007-06-05,0.0,0.0,0.1,0.067,0.0069,0.053,0.5511,0.0,2.8127
2007-06-06,0.0,0.0,0.1,0.156,0.0064,0.069,0.4541,0.0,2.859
2007-06-07,0.0,0.0,0.0,0.085,0.0053,0.075,0.4433,0.0,2.8769
2007-06-08,0.0,0.0,0.1,0.075,0.0056,0.061,0.4934,0.0,2.8402
2007-06-09,0.0,0.0,0.0,0.07,0.0059,0.053,0.5489999999999999,0.0,2.6987
2007-06-10,0.0,0.0,0.0,0.07,0.0063,0.048,0.5031,0.0,2.4385
2007-06-11,0.0,0.0,0.0,0.069,0.0065,0.048,0.3452,0.0,2.5929
2007-06-12,0.0,0.0,0.0,0.069,0.0061,0.048,0.4174,0.0,2.6451
2007-06-13,0.0,0.0,,0.069,0.0233,0.048,0.3281,0.0,2.6076
2007-06-14,0.0,0.0,0.3,0.084,0.0404,0.047,0.3557,0.0,2.4963
2007-06-15,0.0,0.0,0.0,0.11,0.0331,0.047,0.3581,0.0,2.491
2007-06-16,,0.0,0.0,0.062,0.0322,0.048,0.2785,0.0,2.321
2007-06-17,0.0,0.0,0.3,0.052000000000000005,0.0313,0.047,0.221,0.0,2.1096
2007-06-18,,0.1,0.0,0.048,0.0349,0.047,0.2907,0.0,2.358
2007-06-19,0.0,0.0,0.0,0.049,0.0376,0.046,0.4814,0.0,2.5357
2007-06-20,0.0,0.0,0.0,0.05,0.0293,0.046,0.2822,0.0,2.5362
2007-06-21,0.0,0.0,0.0,0.05,0.0205,0.046,0.1529,0.0,2.5119
2007-06-22,0.0,0.0,0.0,0.048,0.0181,0.046,0.1227,0.0,2.4355
2007-06-23,0.0,0.0,0.0,0.047,0.0158,0.042,0.1556,0.0,2.2812
2007-06-24,0.0,0.0,0.0,0.046,0.0192,0.031,0.1298,0.0,1.9782
2007-06-25,0.0,0.0,0.0,0.044,0.0232,0.022,0.0948,0.0,2.3615
2007-06-26,0.0,0.0,0.0,0.044,0.0186,0.015,0.1253,0.0,2.3883
2007-06-27,,0.0,0.0,0.044,0.0178,0.011,0.0914,0.0,2.3089
2007-06-28,0.0,0.0,0.0,0.049,0.0163,0.008,0.1416,0.0,2.3154
2007-06-29,0.0,0.0,0.0,0.048,0.023,0.005,0.1214,0.0,2.3142
2007-06-30,0.0,0.0,0.0,0.048,0.019,0.003,0.2537,0.0,2.2442
2007-07-01,0.3,0.2,0.2,0.045,0.0157,0.002,0.2574,0.0,2.1315
2007-07-02,0.0,0.0,0.0,0.047,0.0183,0.001,0.2205,0.0,2.2335
2007-07-03,0.0,0.0,0.0,0.044,0.022854167,0.0,0.08401041699999999,0.0,2.342375
2007-07-04,0.4,0.0,0.0,0.045,0.0193,0.013,0.0749,0.0,2.4457
2007-07-05,0.0,0.0,0.0,0.044,0.015,0.02,0.0507,0.0,2.3618
2007-07-06,0.0,0.0,0.0,0.044,0.0224,0.019,0.0849,0.0,2.3738
2007-07-07,0.0,0.0,0.0,0.044,0.0279,0.017,0.0871,0.0,2.2242
2007-07-08,0.0,0.0,0.0,0.037000000000000005,0.0208,0.017,0.0776,0.0,1.9664
2007-07-09,0.0,0.0,0.0,0.034,0.02,0.017,0.0767,0.0,2.1149
2007-07-10,0.0,0.0,0.0,0.032,0.039350694,0.018000000000000002,0.07645138900000001,0.0,2.217736111
2007-07-11,0.0,0.0,0.0,0.033,0.0553,0.019,0.0559,0.0,2.2078
2007-07-12,0.0,0.0,0.0,0.056,0.0524,0.019,0.0825,0.0,2.2101
2007-07-13,0.0,0.0,0.0,0.04,0.0562,0.019,0.1318,0.0,2.2635
2007-07-14,0.0,0.0,0.0,0.035,0.0578,0.018000000000000002,0.084,0.0,2.0746
2007-07-15,0.0,0.0,0.0,0.031,0.0412,0.017,0.0454,0.0,1.8842
2007-07-16,0.0,0.0,0.0,0.027000000000000003,0.028,0.017,0.0338,0.0,2.0974
2007-07-17,0.0,0.0,0.0,0.027000000000000003,0.0268,0.016,0.0556,0.0,2.1204
2007-07-18,0.0,0.0,0.0,0.027000000000000003,0.0279,0.016,0.0478,0.0,2.1774
2007-07-19,0.0,0.0,0.0,0.027000000000000003,0.0236,0.016,0.0275,0.0,2.1583
2007-07-20,,0.0,0.0,0.027000000000000003,0.0278,0.016,0.0713,0.0,2.2561
2007-07-21,,0.0,0.0,0.031,0.0221,0.016,0.0438,0.0,2.1829
2007-07-22,0.0,22.2,0.0,0.03,0.0091,0.017,0.069,0.0,1.9318
2007-07-23,0.0,,0.0,0.027000000000000003,0.0153,0.016,0.0793,0.0,2.0307
2007-07-24,0.0,0.0,0.0,0.027000000000000003,0.0277,0.015,0.0437,0.0,2.0404
2007-07-25,0.0,0.0,0.0,0.027000000000000003,0.025,0.016,0.0494,0.0,2.0404
2007-07-26,0.0,0.0,0.0,0.03,0.0211,0.015,0.0416,0.0,2.1266
2007-07-27,0.0,0.0,0.0,0.027000000000000003,,0.015,0.0862,0.0,2.0408
2007-07-28,0.0,0.0,0.0,0.027000000000000003,,0.015,0.0249,0.0,1.8524
2007-07-29,0.0,0.0,0.0,0.027000000000000003,,0.015,0.0646,0.0,1.7273
2007-07-30,0.0,0.0,0.0,0.024,,0.015,0.0577,0.0,1.9078
2007-07-31,0.0,0.0,0.0,0.022,,0.015,0.0425,0.0,1.9754
2007-08-01,0.0,0.0,0.0,0.023,,0.015,0.0297,0.0,1.9332
2007-08-02,0.0,0.0,0.0,0.02,,0.015,0.0269,0.0,1.8903
2007-08-03,0.0,0.0,0.0,0.02,,0.015,0.0403,0.0,1.8421
2007-08-04,0.0,0.0,0.0,0.023,,0.015,0.0251,0.0,1.766
2007-08-05,0.0,0.0,0.0,0.02,,0.015,0.0322,0.0,1.3286
2007-08-06,2.3,0.3,3.0,0.04,,0.044,0.4853,0.002,4.2198
2007-08-07,29.9,13.0,6.3,0.115,,0.049,0.505597222,0.0,3.484395833
2007-08-08,1.0,3.0,,0.099,,0.14300000000000002,0.891923611,0.961,12.10804514
2007-08-09,0.0,0.0,,0.049,,0.05,0.3497,0.002,2.902
2007-08-10,0.0,0.0,0.0,0.033,,0.049,0.2441,0.0,2.2937
2007-08-11,0.0,0.0,,0.033,,0.049,0.1973,0.0,1.6289
2007-08-12,16.8,19.2,,0.033,,0.133,0.46,1.489,10.3905
2007-08-13,0.0,0.0,,0.052000000000000005,,0.102,0.5711,0.454,10.978
2007-08-14,0.0,0.0,,0.037000000000000005,,0.049,0.2543,0.0,2.8566
2007-08-15,0.0,0.0,,0.033,,0.047,0.1996,0.0,2.3545
2007-08-16,9.9,2.1,,0.033,,0.048,0.1878,0.0,2.4627
2007-08-17,0.2,0.0,,0.027000000000000003,,0.048,0.1891,0.0,2.1916
2007-08-18,9.5,9.7,,0.027000000000000003,,0.048,0.1776,0.0,2.0098
2007-08-19,7.5,7.8,,0.654,,0.179,0.6569,0.208,8.6103
2007-08-20,,0.0,,0.109,,0.08900000000000001,0.3413,0.012,3.7937
2007-08-21,8.9,1.3,,0.07200000000000001,,0.08,0.2529,0.014,3.5389
2007-08-22,4.0,2.9,,0.21600000000000005,,0.122,0.6651,0.297,6.9533
2007-08-23,0.0,0.0,,0.121,,0.073,0.3366,0.006999999999999999,3.3906
2007-08-24,,0.3,,0.076,,0.065,0.2718,0.0,2.7607
2007-08-25,,0.0,,0.07,,0.048,0.2475,0.0,2.5114
2007-08-26,0.0,0.0,,0.061,,0.046,0.2369,0.0,2.2999
2007-08-27,0.0,0.0,,0.054000000000000006,,0.045,0.2436,0.0,2.3973
2007-08-28,0.0,0.0,,0.051,,0.044,0.2559,0.0,2.4538
2007-08-29,0.0,0.1,,0.048,,0.044,0.2291,0.0,2.4428
2007-08-30,1.5,4.7,,0.046,,0.045,0.2463,0.0,2.4215
2007-08-31,0.0,0.0,,0.044,,0.045,0.2472,0.0,3.8801
2007-09-01,0.0,0.0,,0.044,,0.046,0.2312,0.0,2.3726
2007-09-02,0.0,0.0,,0.044,,0.046,0.3368,0.0,2.2222
2007-09-03,0.0,0.0,,0.044,,0.045,0.3589,0.0,2.3865
2007-09-04,,0.0,,0.05,,0.045,0.3099,0.0,2.4833
2007-09-05,0.0,0.0,,0.046,,0.045,0.2154,0.0,2.5245
2007-09-06,0.0,0.0,,0.043,,0.045,0.2315,0.0,2.5385
2007-09-07,0.0,0.0,,0.037000000000000005,,0.045,0.2026,0.0,2.5753
2007-09-08,0.0,0.0,,0.036000000000000004,,0.044,0.1908,0.0,2.3454
2007-09-09,0.0,0.0,,0.033,,0.044,0.2145,0.0,2.1157
2007-09-10,0.0,0.0,,0.033,,0.043,0.2247,0.0,2.2268
2007-09-11,0.0,0.0,,0.03,,0.042,0.1543,0.0,2.2149
2007-09-12,,0.0,,0.03,,0.041,0.1851,0.0,2.3969
2007-09-13,0.0,0.0,,0.031,,0.041,0.2204,0.0,2.437
2007-09-14,0.0,0.0,,0.033,,0.04,0.2515,0.0,2.5002
2007-09-15,0.0,0.0,,0.033,,0.039,0.2117,0.0,2.2588
2007-09-16,0.0,0.0,,0.033,,0.038,0.1762,0.0,2.0598
2007-09-17,,0.0,,0.03,,0.037000000000000005,0.1658,0.0,2.3229
2007-09-18,0.0,0.1,,0.129,,0.065,0.2015,0.0,2.7079
2007-09-19,0.0,0.1,,0.066,,0.055,0.273,0.0,2.8032
2007-09-20,0.0,0.0,,0.047,,0.054000000000000006,0.3105,0.0,2.6644
2007-09-21,,0.0,,0.044,,0.052000000000000005,0.3399,0.0,2.6411
2007-09-22,3.4,0.0,,0.042,,0.051,0.6232,0.002,3.5873
2007-09-23,0.0,0.0,,0.045,,0.05,0.5059,0.002,2.6383
2007-09-24,0.0,0.0,,0.039,,0.049,0.3939,0.0,2.4577
2007-09-25,0.1,1.0,,0.038,,0.05,0.3765,0.0,2.6401
2007-09-26,0.0,,,0.039,,0.049,0.3515,0.0,2.651
2007-09-27,0.0,0.0,,0.039,,0.048,0.3127,0.0,2.522
2007-09-28,0.0,0.0,,0.037000000000000005,,0.047,0.3119,0.0,2.5263
2007-09-29,6.3,4.5,,0.045,,0.044,0.2633,0.0,2.6478
2007-09-30,0.0,0.0,,0.042,,0.041,0.2539,0.0,2.2659
2007-10-01,0.0,0.0,,0.035,,0.038,0.2409,0.0,2.4304
2007-10-02,,0.0,,0.033,,0.036000000000000004,0.1983,0.0,2.533
2007-10-03,2.3,0.0,,0.037000000000000005,,0.037000000000000005,0.2722,0.0,2.5468
2007-10-04,14.9,12.4,,0.16,,0.068,0.5347,0.016,6.1666
2007-10-05,0.0,0.0,,0.5760000000000001,,0.093,0.5597,0.499,7.7068
2007-10-06,0.0,0.0,,0.09,,0.071,0.3662,0.002,3.0868
2007-10-07,0.0,0.0,,0.063,,0.058,0.2874,0.0,2.4902
2007-10-08,23.1,7.2,,0.084,,0.068,0.7461,0.245,6.5926
2007-10-09,0.2,0.0,,0.125,,0.063,0.4812,0.036000000000000004,4.5161
2007-10-10,21.5,29.7,,0.271,,0.14300000000000002,0.8684,1.27,11.1349
2007-10-11,0.0,0.0,,0.524,,0.122,0.7642,0.3720000000000001,9.1795
2007-10-12,0.0,0.0,,0.1,,0.098,0.309,0.005,3.6146
2007-10-13,0.0,0.0,,0.081,,0.085,0.3461,0.0,2.9974
2007-10-14,0.0,0.0,,0.07400000000000001,,0.064,0.2882,0.0,2.7348
2007-10-15,0.0,0.0,,0.073,,0.06,0.28800000000000003,0.0,2.8712
2007-10-16,38.8,16.5,,0.07400000000000001,,0.059,0.3017,0.0,2.9654
2007-10-17,0.0,,,0.079,,0.158,0.9686,1.126,15.8464
2007-10-18,0.0,0.0,,0.07200000000000001,,0.061,0.3415,0.009000000000000001,4.0594
2007-10-19,0.0,0.0,,0.07200000000000001,,0.057,0.2932,0.0,3.3802
2007-10-20,0.0,0.0,,0.07200000000000001,,0.056,0.3016,0.0,3.0203
2007-10-21,0.0,0.0,,0.07200000000000001,,0.056,0.2493,0.0,2.7694
2007-10-22,0.0,0.0,,0.077,,0.057,0.2398,0.0,2.9873
2007-10-23,0.0,0.0,,0.078,,0.055,0.2359,0.0,3.0805
2007-10-24,0.0,0.0,,0.079,,0.055,0.2666,0.0,3.1078
2007-10-25,2.5,1.0,,0.084,,0.056,0.2489,0.0,3.3431
2007-10-26,54.6,41.8,,0.085,,0.057,0.2505,0.0,3.8462
2007-10-27,0.0,0.1,,0.099,,0.095,0.3622,0.187,7.6793
2007-10-28,0.0,99.0,,0.095,,0.058,0.26,0.001,2.9242
2007-10-29,0.0,0.0,,0.094,,0.057,0.2544,0.0,2.9043
2007-10-30,0.0,0.0,,0.096,,0.058,0.3133,0.0,3.0098
2007-10-31,,0.0,,0.1,,0.058,0.3361,0.0,3.0345
2007-11-01,0.0,0.0,0.0,0.095,,0.057,0.3323,0.0,2.8809
2007-11-02,0.0,0.0,0.0,0.095,,0.057,0.2862,0.0,2.7495
2007-11-03,0.0,,0.0,0.097,,0.057,0.2769,0.0,2.6967
2007-11-04,0.0,0.0,0.0,0.097,,0.058,0.2698,0.0,2.6579
2007-11-05,0.0,0.0,0.0,0.097,,0.057,0.2762,0.0,2.8289
2007-11-06,0.0,29.0,0.0,0.097,,0.056,0.4699,0.0,2.8617
2007-11-07,0.0,,0.0,0.098,,0.057,0.4768,0.0,3.1568
2007-11-08,0.0,0.0,0.0,0.097,,0.057,0.3254,0.0,2.9896
2007-11-09,0.0,0.0,0.0,0.097,,0.056,0.303,0.0,2.979
2007-11-10,0.0,0.0,0.0,0.098,,0.056,0.2934,0.0,2.8734
2007-11-11,0.0,0.0,0.0,0.098,,0.057,0.2881,0.0,2.6933
2007-11-12,0.0,0.0,0.0,0.099,,0.057,0.2848,0.0,2.7962
2007-11-13,0.0,0.0,0.0,0.099,,0.057,0.2794,0.0,2.8697
2007-11-14,0.0,0.0,0.0,0.101,,0.057,0.2931,0.0,2.9441
2007-11-15,0.0,0.0,0.0,0.099,,0.055,0.3039,0.0,2.9748
2007-11-16,0.0,0.0,0.0,0.097,,0.052000000000000005,0.3006,0.0,2.9542
2007-11-17,0.0,0.0,0.0,0.097,,0.05,0.2963,0.0,2.8742
2007-11-18,0.0,0.0,0.0,0.095,,0.047,0.2978,0.0,2.7482
2007-11-19,0.0,1.7,0.0,0.085,,0.046,0.3301,0.0,2.8779
2007-11-20,1.0,0.8,1.0,0.084,,0.041,0.3068,0.0,2.9333
2007-11-21,0.0,0.0,0.0,0.08199999999999999,,0.037000000000000005,0.2943,0.0,3.0418
2007-11-22,,0.0,0.3,0.083,,0.036000000000000004,0.3021,0.0,2.9297
2007-11-23,0.0,,0.0,0.085,,0.035,0.2965,0.0,2.8776
2007-11-24,0.0,0.0,0.0,0.085,,0.035,0.2935,0.0,2.7555
2007-11-25,0.0,0.0,0.0,0.085,,0.034,0.2907,0.0,2.6336
2007-11-26,0.0,0.0,0.0,0.085,,0.033,0.2926,0.0,2.7381
2007-11-27,0.0,0.0,0.0,0.083,,0.032,0.3245,0.0,2.815
2007-11-28,0.0,0.0,0.1,0.07400000000000001,,0.032,0.4653,0.0,2.9044
2007-11-29,0.0,0.0,0.0,0.067,,0.041,0.4288,0.0,2.8986
2007-11-30,0.0,0.0,0.0,0.061,,0.056,0.4016,0.0,2.9085
2007-12-01,0.0,0.0,0.0,0.054000000000000006,,0.059,0.4009,0.0,2.8206
2007-12-02,0.0,0.0,0.0,0.054000000000000006,,0.057,0.413,0.0,2.6345
2007-12-03,0.0,0.0,0.0,0.054000000000000006,,0.051,0.5097,0.0,2.7204
2007-12-04,0.0,0.0,0.0,0.054000000000000006,,0.045,0.4229,0.0,2.8052
2007-12-05,0.0,0.0,0.0,0.06,,0.04,0.4003,0.0,2.7853
2007-12-06,0.0,0.0,0.0,0.063,,0.049,0.3978,0.0,2.6608
2007-12-07,0.0,0.0,0.0,0.061,,0.049,0.3864,0.0,2.5779
2007-12-08,0.0,0.0,0.0,0.062,,0.045,0.376,0.0,2.5386
2007-12-09,0.0,0.0,0.0,0.061,,0.04,0.3305,0.0,2.4613
2007-12-10,0.0,0.0,0.0,0.061,,0.034,0.3225,0.0,2.5848
2007-12-11,0.0,,0.0,0.067,,0.039,0.3544,0.0,2.7345
2007-12-12,0.0,0.0,0.7,0.068,,0.051,0.4929,0.0,2.9171
2007-12-13,0.0,0.0,0.0,0.07200000000000001,,0.05,0.3831,0.0,2.8475
2007-12-14,0.0,0.0,0.0,0.069,,0.049,0.3745,0.0,2.8776
2007-12-15,0.4,,0.2,0.065,,0.049,0.3720000000000001,0.0,2.8284
2007-12-16,0.0,,0.0,0.065,,0.049,0.3707,0.0,2.6813
2007-12-17,3.0,,1.3,0.063,,0.049,0.3819,0.0,2.9415
2007-12-18,0.0,0.0,0.0,0.061,,0.047,0.3856,0.0,3.1787
2007-12-19,0.0,0.0,0.0,0.063,,0.047,0.4388,0.0,2.9708
2007-12-20,4.7,,1.6,0.067,,0.047,0.4648,0.0,3.0256
2007-12-21,4.1,,3.5,0.064,,0.045,0.3705,0.0,3.7968
2007-12-22,3.5,,0.0,0.066,,0.045,0.3663,0.0,3.2319
2007-12-23,0.0,,0.0,0.065,,0.045,0.3069,0.0,2.6852
2007-12-24,0.0,0.0,0.0,0.062,,0.045,0.3105,0.0,2.6573
2007-12-25,0.0,0.0,0.0,0.066,,0.05,0.3917,0.0,2.6327
2007-12-26,0.0,0.0,0.0,0.067,,0.058,0.3074,0.0,2.5145
2007-12-27,0.0,0.0,0.0,0.067,,0.059,0.3114,0.0,2.5947
2007-12-28,0.0,0.0,0.0,0.067,,0.058,0.3178,0.0,2.7671
2007-12-29,0.0,0.0,0.0,0.067,,0.057,0.3138,0.0,2.8214
2007-12-30,0.0,0.0,0.0,0.067,,0.056,0.3031,0.0,2.7235
2007-12-31,0.0,0.0,0.0,0.067,,0.054000000000000006,0.3077,0.0,2.7835
2008-01-01,0.0,0.0,0.0,0.067,,0.052000000000000005,0.3156,0.0,2.6602
2008-01-02,4.9,2.8,3.9,0.067,,0.052000000000000005,0.3219,0.0,3.3396
2008-01-03,19.7,11.7,17.3,0.24,,0.116,0.6699,0.443,8.8044
2008-01-04,0.0,0.0,0.0,0.237,,0.105,0.5018,0.134,5.0899
2008-01-05,0.0,0.0,0.0,0.079,,0.092,0.4004,0.005,3.2231
2008-01-06,0.0,0.0,0.0,0.063,,0.077,0.3009,0.0,2.734
2008-01-07,0.0,0.0,0.0,0.054000000000000006,,0.067,0.2986,0.0,2.7549
2008-01-08,0.0,0.0,0.0,0.048,,0.061,0.3901,0.0,2.9289
2008-01-09,0.7,0.0,0.2,0.048,,0.062,0.3281,0.0,2.8578
2008-01-10,0.3,0.0,0.1,0.048,,0.06,0.3149,0.0,2.8561
2008-01-11,1.2,0.8,1.3,0.049,,0.059,0.2764,0.0,2.9213
2008-01-12,0.0,0.0,0.0,0.064,,0.066,0.2831,0.0,2.959
2008-01-13,0.0,0.0,0.0,0.06,,0.066,0.2787,0.0,2.6776
2008-01-14,,0.0,0.0,0.054000000000000006,,0.066,0.2792,0.0,2.7771
2008-01-15,0.0,0.0,0.0,0.051,,0.064,0.2894,0.0,2.8334
2008-01-16,,0.0,0.0,0.05,,0.062,0.3414,0.0,2.8403
2008-01-17,0.0,0.0,0.0,0.048,,0.058,0.3059,0.0,2.7867
2008-01-18,0.0,0.0,0.0,0.046,,0.056,0.2831,0.0,2.7821
2008-01-19,0.0,0.0,0.0,0.047,,0.054000000000000006,0.2718,0.0,2.7495
2008-01-20,0.0,0.0,0.0,0.048,,0.052000000000000005,0.2581,0.0,2.4997
2008-01-21,0.0,0.0,0.0,0.048,,0.043,0.2946,0.0,2.586713615
2008-01-22,0.0,,0.0,0.046,,0.04,0.3007,0.0,2.586713615
2008-01-23,0.0,9.1,0.1,0.046,,0.039,0.2563,0.0,1.728993056
2008-01-24,0.0,,0.0,0.047,,0.038,0.2556,0.0,1.728993056
2008-01-25,0.0,,0.0,0.046,,0.038,0.2558,0.0,1.6327916669999998
2008-01-26,0.0,,0.0,0.047,,0.036000000000000004,0.249,0.0,1.656243056
2008-01-27,0.0,,0.0,0.048,,0.035,0.2546,0.0,1.728993056
2008-01-28,0.0,,0.0,0.047,,0.033,0.26,0.0,1.968590278
2008-01-29,0.0,2.2,0.0,0.047,,0.032,0.3716,0.0,2.8883
2008-01-30,3.0,1.1,0.5,0.05,,0.031,0.257,0.0,2.8822
2008-01-31,0.0,0.0,0.0,0.054000000000000006,,0.03,0.2478,0.0,2.8238
2008-02-01,0.0,0.0,0.0,0.054000000000000006,,0.031,0.2612,0.0,2.8159
2008-02-02,3.3,5.4,0.0,0.057,,0.031,0.2442,0.0,2.7538
2008-02-03,10.1,11.0,4.3,0.059,,0.035,0.2471,0.0,2.9709
2008-02-04,0.0,0.0,0.0,0.361,,0.106,0.4529,0.13699999999999998,5.7072
2008-02-05,0.0,0.0,0.0,0.112,,0.075,0.2666,0.0,3.3064
2008-02-06,0.0,0.0,0.0,0.08,,0.064,0.2392,0.0,2.9915
2008-02-07,0.0,0.0,0.0,0.075,,0.055,0.227,0.0,2.8739
2008-02-08,0.0,0.0,0.0,0.069,,0.053,0.2198,0.0,2.8695
2008-02-09,0.0,0.0,0.0,0.071,,0.053,0.2002,0.0,2.7645
2008-02-10,0.0,0.0,0.0,0.065,,0.053,0.1838,0.0,2.5866
2008-02-11,0.0,0.0,0.0,0.063,,0.053,0.2181,0.0,2.48
2008-02-12,0.0,0.0,0.0,0.062,,0.052000000000000005,0.2336,0.0,2.6
2008-02-13,0.6,1.0,0.3,0.065,,0.051,0.2131,0.0,2.72
2008-02-14,0.7,1.1,0.6,0.067,,0.053,0.2394,0.0,2.84
2008-02-15,0.0,0.1,0.0,0.066,,0.055,0.2169,0.0,2.9491
2008-02-16,0.0,0.0,0.0,0.064,,0.055,0.2197,0.0,2.6791
2008-02-17,4.2,2.6,3.3,0.064,,0.054000000000000006,0.2048,0.0,2.4875
2008-02-18,2.8,0.4,2.2,0.063,,0.055,0.2811,0.0,3.8558
2008-02-19,5.5,0.8,1.6,0.08900000000000001,,0.055,0.2687,0.0,3.3334
2008-02-20,2.6,0.0,0.4,0.077,,0.054000000000000006,0.2894,0.0,3.8146
2008-02-21,0.0,0.0,0.0,0.068,,0.053,0.2463,0.0,2.8589
2008-02-22,0.0,0.0,0.0,0.064,,0.053,0.2278,0.0,2.8086
2008-02-23,0.0,0.0,0.1,0.06,,0.053,0.2221,0.0,2.6715
2008-02-24,6.7,4.9,3.8,0.058,,0.053,0.2114,0.0,2.4519
2008-02-25,,0.0,0.0,0.073,,0.055,0.2467,0.0,3.6357
2008-02-26,0.0,0.0,0.0,0.08,,0.053,0.2381,0.0,2.7414
2008-02-27,0.0,0.0,0.0,0.065,,0.053,0.2415,0.0,2.6817
2008-02-28,0.0,0.0,0.0,0.055,,0.056,0.2277,0.0,2.5552
2008-02-29,0.0,0.0,0.0,0.053,,0.064,0.2228,0.0,2.6737
2008-03-01,0.0,0.0,0.0,0.054000000000000006,,0.068,0.2072,0.0,2.6180000000000003
2008-03-02,0.0,0.0,0.0,0.053,,0.061,0.1995,0.0,2.5217
2008-03-03,0.1,0.0,0.0,0.053,,0.055,0.2174,0.0,2.3279
2008-03-04,0.1,0.0,0.0,0.051,,0.054000000000000006,0.2207,0.0,2.4517
2008-03-05,0.0,0.0,0.0,0.048,,0.056,0.2211,0.0,2.5054
2008-03-06,0.0,0.0,0.0,0.045,,0.059,0.2234,0.0,2.5135
2008-03-07,0.0,0.0,0.0,0.044,,0.062,0.2363,0.0,2.6252
2008-03-08,0.0,0.5,0.0,0.048,,0.065,0.2205,0.0,2.5831
2008-03-09,2.2,1.2,0.2,0.079,,0.118,0.3464,0.015,2.6151
2008-03-10,0.0,0.0,0.0,0.084,,0.084,0.47,0.025,3.9108
2008-03-11,0.0,0.0,0.0,0.065,,0.066,0.2627,0.0,2.7815
2008-03-12,0.0,0.0,0.0,0.054000000000000006,,0.059,0.2437,0.0,2.6394
2008-03-13,0.0,0.0,0.0,0.054000000000000006,0.0059,0.06,0.245,0.0,2.5773
2008-03-14,0.0,0.0,0.0,0.053,0.0052,0.058,0.2473,0.0,2.6266
2008-03-15,0.0,0.0,0.0,0.054000000000000006,0.0062,0.06,0.2505,0.0,2.5609
2008-03-16,0.0,0.0,0.0,0.053,0.0059,0.06,0.2335,0.0,2.3383
2008-03-17,0.0,0.0,0.0,0.057,0.005,0.059,0.215,0.0,2.3648
2008-03-18,0.0,0.0,0.0,0.061,0.0043,0.057,0.1984,0.0,2.4251
2008-03-19,3.7,0.5,1.5,0.066,0.0045,0.056,0.2324,0.0,2.4046
2008-03-20,0.0,0.0,0.0,0.059,0.0048,0.056,0.278,0.0,2.8669
2008-03-21,0.0,0.0,0.0,0.046,0.004,0.057,0.2185,0.0,2.1548
2008-03-22,2.2,2.9,1.7,0.054000000000000006,0.0039,0.081,0.5078,0.0,2.8583
2008-03-23,0.0,0.0,0.0,0.133,0.004,0.078,0.4814,0.009000000000000001,3.822
2008-03-24,0.0,0.0,0.0,0.068,0.003,0.059,0.2978,0.0,2.5007
2008-03-25,0.0,0.0,0.0,0.054000000000000006,0.0028,0.057,0.2731,0.0,2.5116
2008-03-26,0.5,0.0,0.2,0.051,0.0049,0.055,0.2765,0.0,2.5793
2008-03-27,0.0,0.0,0.0,0.054000000000000006,0.0052,0.056,0.2763,0.0,2.6037
2008-03-28,0.0,0.0,0.0,0.054000000000000006,0.0037,0.055,0.2745,0.0,2.5825
2008-03-29,0.0,0.0,0.0,0.055,0.0056,0.054000000000000006,0.2773,0.0,2.5125
2008-03-30,16.5,9.6,9.4,0.064,0.005,0.053,0.2672,0.0,2.383
2008-03-31,0.1,0.0,0.1,0.282,0.0059,0.102,0.8633,0.153,7.2191
2008-04-01,0.0,0.0,0.0,0.105,0.0063,0.069,0.3735,0.0,3.1525
2008-04-02,0.0,0.0,0.0,0.069,0.0065,0.062,0.308,0.0,2.8427
2008-04-03,0.0,1.9,0.0,0.05,0.0065,0.053,0.3054,0.0,2.742
2008-04-04,0.0,0.0,0.0,0.052000000000000005,0.0066,0.052000000000000005,0.3143,0.0,2.6381
2008-04-05,0.0,0.0,0.0,0.058,0.0073,0.052000000000000005,0.2792,0.0,2.555
2008-04-06,0.0,0.0,,0.056,0.0062,0.051,0.2757,0.0,2.4113
2008-04-07,0.2,0.0,0.0,0.059,0.0051,0.053,0.3006,0.0,2.4591
2008-04-08,1.5,1.0,1.6,0.055,0.0074,0.052000000000000005,0.335,0.0,2.4912
2008-04-09,,0.1,0.0,0.054000000000000006,0.0083,0.05,0.3401,0.0,2.7439
2008-04-10,0.0,0.0,0.5,0.056,0.0085,0.049,0.3187,0.0,2.5388
2008-04-11,8.1,3.3,8.1,0.08,0.0067,0.054000000000000006,0.324,0.001,3.3551
2008-04-12,0.0,0.0,0.0,0.474,0.0097,0.08199999999999999,0.3767,0.016,4.0211
2008-04-13,,0.0,0.0,0.091,0.0074,0.056,0.2554,0.0,2.4616
2008-04-14,0.0,0.0,0.0,0.067,0.006999999999999999,0.053,0.2726,0.0,2.452
2008-04-15,0.0,0.0,0.0,0.063,0.0088,0.051,0.3649,0.0,2.4926
2008-04-16,0.2,0.0,0.0,0.061,0.0082,0.05,0.3187,0.0,2.4868
2008-04-17,9.5,20.0,20.0,0.153,0.0135,0.113,0.8314,0.354,9.5673
2008-04-18,2.3,1.1,1.4,0.25,0.0102,0.146,0.5194,0.174,4.6235
2008-04-19,0.0,0.0,0.0,0.205,0.0073,0.111,0.4713,0.081,4.1253
2008-04-20,0.6,0.6,0.7,0.198,0.0052,0.103,0.3575,0.0,2.9226
2008-04-21,0.0,0.0,0.0,0.188,0.0067,0.101,0.3652,0.0,2.9738
2008-04-22,0.0,0.0,0.0,0.1,0.0058,0.08199999999999999,0.3673,0.0,2.8119
2008-04-23,0.0,0.0,0.3,0.084,0.0063,0.077,0.3867,0.01,2.9717
2008-04-24,0.0,0.0,0.0,0.101,0.0069,0.065,0.361,0.02,3.0729
2008-04-25,0.0,0.0,0.0,0.081,0.006999999999999999,0.059,0.3239,0.0,2.6284
2008-04-26,0.0,0.0,0.0,0.079,0.0067,0.053,0.2976,0.0,2.489
2008-04-27,0.0,0.0,0.0,0.066,0.0062,0.049,0.2702,0.0,2.2088
2008-04-28,1.2,0.6,0.6,0.061,0.0055,0.048,0.3334,0.0,2.3873
2008-04-29,0.7,0.0,0.0,0.058,0.0089,0.048,0.3449,0.0,2.5705
2008-04-30,0.0,0.0,1.7,0.048,0.0101,0.046,0.3313,0.0,2.491
2008-05-01,0.0,0.0,0.0,0.035,0.0089,0.044,0.2189,0.0,2.2379
2008-05-02,0.0,0.0,0.0,0.03,0.0074,0.041,0.1723,0.0,1.8026
2008-05-03,0.0,0.0,0.0,0.028,0.006999999999999999,0.04,0.1764,0.0,1.6654
2008-05-04,0.0,0.0,0.0,0.031,0.0073,0.039,0.3072,0.0,1.5993
2008-05-05,,0.0,,0.031,0.0074,0.037000000000000005,0.2669,0.0,1.9578
2008-05-06,0.0,3.9,,0.032,0.0163,0.037000000000000005,0.2311,0.0,2.1291
2008-05-07,0.0,0.0,0.0,0.033,0.0213,0.037000000000000005,0.1239,0.0,2.1464
2008-05-08,2.6,14.6,2.1,0.033,0.0237,0.038,0.2225,0.0,2.1630000000000003
2008-05-09,39.1,13.8,31.4,0.038,0.038,0.047,0.4807,0.157,8.8427
2008-05-10,37.3,13.7,34.9,0.234,0.3627,0.247,1.6947,1.393,18.3914
2008-05-11,1.1,0.0,0.7,1.07,0.7651,0.218,1.8585,0.733,14.023
2008-05-12,,0.0,0.0,0.314,0.031,0.138,0.5242,0.037000000000000005,5.3965
2008-05-13,0.0,14.4,0.1,0.097,0.0093,0.131,0.3839,0.0,4.7164
2008-05-14,0.7,,0.9,0.057,0.008,0.129,0.3241,0.0,3.7222
2008-05-15,,0.0,0.0,0.05,0.008,0.118,0.231,0.0,3.5222
2008-05-16,0.0,0.0,0.1,0.047,0.0068,0.102,0.1367,0.0,3.2266
2008-05-17,2.2,0.2,0.4,0.081,0.0065,0.1,0.1661,0.015,3.3245
2008-05-18,0.2,0.0,0.0,0.05,0.0083,0.099,0.2766,0.052000000000000005,3.4107
2008-05-19,1.1,0.0,24.1,0.084,0.0067,0.093,0.2645,0.04,4.6732
2008-05-20,0.0,0.0,0.0,0.103,0.009000000000000001,0.079,0.2444,0.015,3.2244
2008-05-21,0.2,0.0,0.2,0.056,0.0088,0.067,0.2354,0.0,3.0198
2008-05-22,0.8,0.6,3.3,0.097,0.0157,0.085,0.3156,0.006,3.63
2008-05-23,1.8,1.5,2.5,0.147,0.0257,0.07400000000000001,0.3246,0.021,3.7091
2008-05-24,13.6,3.9,2.6,0.08199999999999999,0.0158,0.122,0.3921,0.205,6.7942
2008-05-25,9.0,5.8,22.8,3.026,1.4169,0.298,0.8821,1.061,14.6941
2008-05-26,3.8,3.1,3.7,1.624,0.0936,0.295,0.4244,0.6,11.5562
2008-05-27,0.5,0.6,0.4,1.395,0.0556,0.215,0.1882,0.282,8.7651
2008-05-28,,0.0,0.0,0.943,0.0396,0.184,0.1914,0.035,5.6825
2008-05-29,0.0,0.0,0.0,0.461,0.0312,0.16399999999999998,0.1265,0.006999999999999999,4.7667
2008-05-30,0.0,0.0,0.0,0.251,0.0235,0.146,0.1018,0.0,4.1374
2008-05-31,6.9,14.3,7.0,0.149,0.0209,0.138,0.1944,0.0,3.633
2008-06-01,0.6,1.5,2.3,0.14300000000000002,0.0354,0.165,0.4141,0.125,7.9588
2008-06-02,,0.0,1.8,0.12,0.0161,0.191,0.3225,0.606,5.5666
2008-06-03,4.0,17.1,15.6,0.445,0.0109,0.234,1.4735,0.236,9.5464
2008-06-04,0.0,0.0,0.0,0.326,0.0133,0.181,0.499,0.114,6.2216
2008-06-05,19.6,46.2,56.9,0.608,0.1232,0.25,1.4704,1.36,11.3355
2008-06-06,0.3,2.7,0.0,1.534,0.1745,0.34,,1.853,17.3442
2008-06-07,1.5,0.6,3.0,1.088,0.115,0.278,,0.555,9.3835
2008-06-08,0.0,0.0,0.0,1.632,0.1108,0.305,,0.7979999999999999,12.8197
2008-06-09,1.1,1.1,0.9,1.022,0.0809,0.253,,0.234,7.6341
2008-06-10,1.8,2.3,2.9,0.603,0.0509,0.232,,0.163,7.2774
2008-06-11,0.0,,0.0,0.511,0.0548,0.246,,0.08199999999999999,6.2443
2008-06-12,0.0,0.3,0.0,1.045,0.0614,0.319,,0.113,7.954
2008-06-13,0.0,0.0,0.0,0.7070000000000001,0.068,0.279,,0.203,7.1134
2008-06-14,,0.0,0.0,0.679,0.0606,0.241,,,6.0877
2008-06-15,,0.0,0.0,0.381,0.055,0.224,,,5.1161
2008-06-16,1.0,0.0,0.0,0.382,0.0599,0.22,,,4.8918
2008-06-17,0.2,1.7,0.0,0.366,0.0575,0.25,,,10.3908
2008-06-18,0.0,0.0,0.0,0.316,0.0529,0.198,,,6.8421
2008-06-19,0.0,0.0,0.0,0.201,0.051381944000000006,0.183,,,5.110284722
2008-06-20,0.0,0.0,0.0,0.163,0.0522,0.172,,,4.7228
2008-06-21,0.0,0.0,0.0,0.146,0.0491,0.147,,,4.1095
2008-06-22,0.0,0.0,0.0,0.126,0.0474,0.136,,,3.5953
2008-06-23,0.0,0.0,0.0,0.104,0.0462,0.128,,,3.4121
2008-06-24,0.0,0.0,0.0,0.099,0.0463,0.118,,,3.2265
2008-06-25,0.0,0.0,,0.094,0.0497,0.105,,,3.49
2008-06-26,8.0,4.9,,0.08800000000000001,0.0574,0.091,,,3.4172
2008-06-27,0.0,0.0,0.0,0.639,0.0819,0.17,,,7.0298
2008-06-28,0.0,0.0,0.0,0.14400000000000002,0.0705,0.145,,,3.9621
2008-06-29,0.0,0.0,0.0,0.106,0.0803,0.136,,,3.3193
2008-06-30,0.0,0.0,0.0,0.083,0.095,0.125,,,3.327
2008-07-01,0.0,0.0,0.0,0.065,0.1066,0.117,,,3.2894
2008-07-02,0.0,0.0,0.0,0.053,0.1523,0.105,,,3.0909
2008-07-03,0.2,0.0,0.0,0.104,0.1248,0.119,,,3.0022
2008-07-04,0.0,0.0,0.0,0.11,0.1905,0.101,,,3.0746
2008-07-05,0.0,0.0,0.0,0.05,0.2485,0.096,,,2.9409
2008-07-06,,0.0,0.0,0.048,0.3513,0.118,,,3.9108
2008-07-07,,0.0,0.0,0.056,0.0758,0.085,,,3.7944
2008-07-08,0.0,0.0,0.0,0.049,0.0721,0.098,,,3.0138
2008-07-09,0.0,0.0,0.0,0.046,0.0769,0.095,,,2.9806
2008-07-10,0.0,0.0,,0.044,0.0837,0.084,,,2.9556
2008-07-11,0.0,0.0,0.0,0.039,0.0863,0.066,,,2.8105
2008-07-12,55.6,30.0,15.4,0.241,0.1178,0.102,,,6.4061
2008-07-13,0.0,0.0,0.0,0.408,0.1664,0.134,,,5.5937
2008-07-14,0.0,0.0,0.0,0.106,0.055,0.128,,,3.0721
2008-07-15,0.0,0.0,0.0,0.086,0.0541,0.117,,,3.0654
2008-07-16,0.1,0.0,0.0,0.071,0.0574,0.1,,,3.1412
2008-07-17,0.0,0.0,0.0,0.056,0.0605,0.08199999999999999,,,2.9087
2008-07-18,0.0,0.0,0.0,0.053,0.0645,0.077,,,2.8591
2008-07-19,0.0,0.0,0.0,0.05,0.0693,0.07200000000000001,,,2.6171
2008-07-20,0.0,0.0,0.0,0.048,0.0747,0.055,,,2.1335
2008-07-21,,0.0,0.0,0.048,0.0756,0.031,,,2.4332
2008-07-22,0.0,0.0,0.0,0.048,0.0754,0.034,,,2.4275
2008-07-23,0.0,3.9,0.0,0.046,0.0671,0.048,,,2.4803
2008-07-24,0.0,0.0,0.0,0.042,0.0626,0.047,,,2.4992
2008-07-25,0.0,0.0,0.0,0.038,0.0634,0.046,,,2.4747
2008-07-26,0.0,0.0,0.0,0.036000000000000004,0.0597,0.046,,,2.2206
2008-07-27,0.0,0.0,0.0,0.031,0.0612,0.046,,,2.0289
2008-07-28,0.0,0.0,0.0,0.032,0.0605,0.046,,,2.1462
2008-07-29,0.0,0.0,0.0,0.032,0.0569,0.046,,,2.1722
2008-07-30,0.0,0.0,0.0,0.038,0.055,0.046,,,2.1522
2008-07-31,0.0,0.0,0.0,0.032,0.0525,0.046,,,2.1269
2008-08-01,0.0,0.0,0.0,0.032,0.0534,0.046,,0.0,2.0753
2008-08-02,0.0,0.0,0.0,0.035,0.0504,0.046,,0.0,1.9995
2008-08-03,0.0,0.0,0.0,0.033,0.0536,0.046,,0.0,1.8179
2008-08-04,0.0,0.0,0.0,0.025,0.0506,0.045,,0.0,1.9056
2008-08-05,,0.0,0.0,0.025,0.0571,0.045,,0.0,1.755
2008-08-06,0.0,0.0,0.0,0.025,0.0578,0.045,,0.0,1.6502
2008-08-07,,0.0,0.0,0.026,0.054388889,0.045,,0.0,1.615986111
2008-08-08,0.0,0.0,0.0,0.015,0.053909722,0.045,,0.0,1.6884375
2008-08-09,0.0,0.0,0.0,0.018000000000000002,0.053836806,0.045,,0.0,1.462125
2008-08-10,0.0,0.0,0.0,0.019,0.055565972000000005,0.045,,0.0,1.0100625
2008-08-11,,0.0,0.1,0.019,0.049079861,0.045,,0.0,1.327159722
2008-08-12,0.0,0.0,0.0,0.018000000000000002,0.0525,0.043,,0.0,1.3931111109999998
2008-08-13,0.0,0.0,0.0,0.015,0.043170139,0.043,,0.0,1.153972222
2008-08-14,0.6,0.0,0.2,0.015,0.034208333,0.043,,0.0,1.208347222
2008-08-15,0.0,0.0,0.0,0.194,0.0360625,0.042,,0.0,1.009006944
2008-08-16,0.0,0.0,0.0,0.024,0.036684028,0.041,,0.0,1.0734375
2008-08-17,0.0,0.0,0.0,0.02,0.032107639,0.041,,0.0,0.905003472
2008-08-18,0.0,0.0,0.0,0.019,0.030333333,0.039,,0.0,0.905003472
2008-08-19,0.0,0.0,0.0,0.02,0.025493056,0.038,,0.0,0.8927430559999999
2008-08-20,0.0,0.0,0.0,0.022,0.020743056,0.039,,0.0,0.8107291670000001
2008-08-21,0.0,0.0,0.0,0.019,0.019625,0.038,,0.0,0.764271739
2008-08-22,11.2,,18.5,0.018000000000000002,0.016638889,0.045,,0.0,1.763703704
2008-08-23,,,0.0,0.061,0.008732639,0.058,,0.0,1.281709677
2008-08-24,0.0,,0.0,0.036000000000000004,0.008555556,0.049,,0.0,1.281709677
2008-08-25,,,0.0,0.028,0.008,0.047,,0.0,1.281709677
2008-08-26,0.0,0.0,0.0,0.035,0.008,0.045,,0.0,1.281709677
2008-08-27,0.0,,0.0,0.03,0.008167246999999999,0.044,,0.0,1.763703704
2008-08-28,0.0,,0.0,0.025,0.008135416999999999,0.044,,0.0,1.763703704
2008-08-29,0.0,,0.0,0.023,0.008145833,0.042,,0.0,1.763703704
2008-08-30,0.0,,0.0,0.019,0.008138889,0.042,,0.0,1.763703704
2008-08-31,0.0,,0.0,0.019,0.008,0.041,,0.0,1.763703704
2008-09-01,0.0,0.0,0.0,0.118,0.008,0.04,,0.0,2.062467532
2008-09-02,0.0,0.0,0.0,0.033,0.008958333,0.04,,0.0,2.049083333
2008-09-03,0.0,0.0,0.0,0.028,0.008798611,0.04,,0.0,2.253213592
2008-09-04,0.0,0.0,0.0,0.025,0.008434028,0.04,,0.0,2.3585
2008-09-05,0.0,0.0,0.0,0.024,0.008513889,0.039,,0.0,2.216007194
2008-09-06,0.1,0.1,0.3,0.022,0.008,0.039,,0.0,2.229034722
2008-09-07,0.0,0.0,0.0,0.025,0.007798610999999999,0.039,,0.0,2.064298611
2008-09-08,,0.0,0.0,0.025,0.007645833,0.038,,0.0,2.222868056
2008-09-09,,0.0,0.0,0.023,0.007989583,0.037000000000000005,,0.0,2.301923611
2008-09-10,0.0,0.0,0.0,0.022,0.008,0.035,,0.0,2.345895833
2008-09-11,2.2,2.0,0.3,0.023,0.008,0.034,,0.0,2.237854167
2008-09-12,0.0,0.0,0.0,0.025,0.007815972,0.036000000000000004,,0.0,2.2981875
2008-09-13,0.1,0.0,0.0,0.024,0.007409722,0.05,,0.0,2.236722222
2008-09-14,0.0,0.0,0.0,0.029,0.007423611,0.047,,0.0,2.075145833
2008-09-15,0.0,0.0,0.0,0.025,0.007496528,0.043,,0.0,2.292215278
2008-09-16,0.0,0.0,0.0,0.027000000000000003,0.007524306,0.04,,0.0,2.350930556
2008-09-17,,0.0,0.0,0.028,0.007649306,0.036000000000000004,,0.0,2.390152778
2008-09-18,,0.0,0.0,0.028,0.007746528000000002,0.033,,0.0,2.430631944
2008-09-19,1.9,4.2,2.2,0.039,0.008197916999999999,0.037000000000000005,,0.154,4.022506944
2008-09-20,,0.0,0.1,0.1,0.007982639,0.049,,0.084,3.450697917
2008-09-21,0.0,0.0,0.0,0.045,0.007739583,0.038,,0.0,2.497381944
2008-09-22,16.4,11.8,6.6,0.045,0.007524306,0.033,,0.005,4.770451389
2008-09-23,2.4,1.7,1.1,0.048,0.007913194,0.031,,0.013,3.507975694
2008-09-24,,0.0,1.2,0.055,0.006999999999999999,0.03,,0.011,3.342520833
2008-09-25,0.4,0.7,0.0,0.048,0.007309028,0.029,,0.0,2.772881944
2008-09-26,2.3,6.3,5.6,0.045,0.006999999999999999,0.029,,0.0,3.545034722
2008-09-27,0.0,0.0,0.0,0.048,0.007298611,0.028,,0.0,2.743701389
2008-09-28,0.0,0.0,0.0,0.048,0.007197917,0.027000000000000003,,0.0,2.491131944
2008-09-29,0.0,0.0,0.0,0.046,0.007388889,0.026,,0.0,2.571423611
2008-09-30,0.0,17.1,0.0,0.047,0.007333333,0.025,,0.0,2.609895833
2008-10-01,0.0,,0.0,0.029,0.007302083000000002,0.024,,0.0,2.673284722
2008-10-02,0.4,2.8,0.1,0.025,0.007333333,0.023,,0.0,2.729416667
2008-10-03,0.0,0.0,0.0,0.028,0.007142361,0.022,,0.026,3.86165625
2008-10-04,0.0,0.0,0.0,0.03,0.006774306,0.023,,0.0,2.892597222
2008-10-05,0.0,0.0,0.0,0.025,0.006753472,0.021,,0.0,2.494069444
2008-10-06,0.0,0.0,0.0,0.029,0.007322917,0.02,,0.0,2.628722222
2008-10-07,0.2,0.1,0.6,0.039,0.007496528,0.018000000000000002,,0.0,2.659916667
2008-10-08,1.6,0.3,0.3,0.086,0.007274305999999999,0.104,,0.07400000000000001,3.697201389
2008-10-09,0.1,0.0,0.0,0.056,0.0072118059999999986,0.062,,0.099,4.000145833
2008-10-10,0.0,0.0,0.0,0.045,0.007350694,0.053,,0.0,2.905069444
2008-10-11,0.0,0.0,0.0,0.045,0.007216028,0.051,,0.0,2.643367273
2008-10-12,0.2,0.0,0.4,0.045,0.007458333,0.049,,0.0,2.500048611
2008-10-13,0.0,0.0,0.0,0.041,0.00784375,0.047,,0.0,2.658465278
2008-10-14,0.0,0.0,0.0,0.032,0.007541666999999998,0.045,,0.0,2.75925
2008-10-15,0.0,0.0,0.0,0.033,0.007534722,0.043,,0.0,2.704902778
2008-10-16,,1.9,0.0,0.032,0.007545139,0.042,,0.303,4.904923611
2008-10-17,4.6,4.3,0.7,0.033,0.006548611,0.04,,0.002,2.843194444
2008-10-18,2.2,4.2,1.0,0.081,0.005881944,0.07,,0.07400000000000001,4.014267361
2008-10-19,0.0,0.0,0.0,0.067,0.005611110999999999,0.051,,0.008,2.797152778
2008-10-20,0.0,0.0,0.0,0.036000000000000004,0.034934028,0.046,,0.0,2.630736111
2008-10-21,0.0,,0.0,0.03,0.049625,0.042,,0.0,2.7164375
2008-10-22,0.8,,0.4,0.031,0.046715278,0.04,,0.0,2.820944444
2008-10-23,2.5,1.1,2.2,0.034,0.043732639,0.038,,0.0,3.522017361
2008-10-24,0.0,0.0,0.0,0.034,0.045204861,0.037000000000000005,,0.0,2.862069444
2008-10-25,0.0,0.0,0.0,0.029,0.047480836,0.036000000000000004,,0.0,2.594013937
2008-10-26,0.0,0.0,,0.026,0.0465625,0.036000000000000004,,0.0,2.422111111
2008-10-27,1.2,1.1,,0.025,0.046215278,0.02,,0.0,2.615826389
2008-10-28,37.2,32.4,34.2,0.044,0.050305556,0.14300000000000002,,0.8240000000000001,13.23275694
2008-10-29,12.6,4.0,13.9,0.362,0.079715278,0.175,,0.957,16.33380556
2008-10-30,3.4,7.6,0.0,0.139,0.051322917,0.105,,0.057,4.920104167
2008-10-31,16.2,31.3,23.2,0.21,0.047833333,0.135,,0.14300000000000002,6.987652777999999
2008-11-01,5.2,5.7,4.8,1.63,0.105586806,0.229,,0.6940000000000001,13.51973264
2008-11-02,27.6,18.2,29.8,9.615,1.311125,0.388,,1.773,20.49898611
2008-11-03,0.0,0.0,0.0,2.321,0.092256944,0.26,,0.513,13.60774306
2008-11-04,0.0,0.0,0.0,1.1,0.06984375,0.188,,0.058,6.8163263889999985
2008-11-05,0.0,0.0,0.0,0.5529999999999999,0.053670139000000006,0.154,,0.014,5.136038194
2008-11-06,0.0,0.0,0.0,0.294,0.047416667,0.133,,0.0,4.402638889
2008-11-07,0.0,0.0,0.0,0.184,0.039256944,0.122,,0.0,3.821534722
2008-11-08,,0.0,0.0,0.135,0.032121528,0.117,,0.0,3.4183680560000003
2008-11-09,0.0,0.0,0.0,0.099,0.043329861,0.109,,0.0,3.098166667
2008-11-10,0.0,0.0,0.0,0.07400000000000001,0.044083333,0.102,,0.0,3.184604167
2008-11-11,1.2,0.0,0.0,0.066,0.04490625,0.096,,0.0,3.226576389
2008-11-12,3.2,2.2,1.4,0.083,0.046868056,0.104,,0.016,4.5733611110000005
2008-11-13,0.0,0.0,0.0,0.08900000000000001,0.047385417,0.101,,0.021,3.789454861
2008-11-14,0.0,0.0,0.0,0.065,0.039538194,0.098,,0.0,3.312888889
2008-11-15,0.0,0.0,0.0,0.058,0.040496528,0.094,,0.0,3.062791667
2008-11-16,0.0,0.0,0.0,0.056,0.040822917,0.08900000000000001,,0.0,2.874527778
2008-11-17,0.0,0.0,0.0,0.052000000000000005,0.04471875,0.087,,0.0,2.942625
2008-11-18,0.0,0.0,0.0,0.051,0.047326389,0.084,,0.0,3.040361111
2008-11-19,0.0,0.0,0.0,0.054000000000000006,0.047447917,0.083,,0.0,3.021104167
2008-11-20,0.0,0.0,0.0,0.044,0.046777778,0.081,,0.0,2.944645833
2008-11-21,0.0,0.0,0.0,0.045,0.046982639000000014,0.08,,0.0,2.927125
2008-11-22,0.0,0.0,0.0,0.046,0.04865625,0.079,,0.0,2.8820208330000003
2008-11-23,0.0,0.0,0.0,0.043,0.048170139,0.078,,0.0,2.754131944
2008-11-24,0.0,0.0,0.0,0.042,0.048677083,0.081,,0.0,2.827694444
2008-11-25,0.2,1.9,0.1,0.044,0.043246528,0.095,,0.0,2.849222222
2008-11-26,0.0,0.0,0.0,0.051,0.042295139,0.104,,0.0,3.2314375
2008-11-27,12.5,8.2,5.9,0.044,0.041541667,0.085,,0.0,2.9287013889999995
2008-11-28,,0.0,0.0,0.052000000000000005,0.044489583,0.091,,0.057,5.061215278
2008-11-29,1.7,5.3,2.2,0.052000000000000005,0.042569444000000005,0.09,,0.014,3.550038194
2008-11-30,0.0,0.0,0.0,0.059,0.043243056,0.086,,0.009000000000000001,2.8966180560000003
2008-12-01,0.0,0.0,0.0,0.044,0.045402778,0.086,,0.0,2.871791667
2008-12-02,0.0,0.0,0.0,0.041,0.044298611,0.081,,0.0,2.9
2008-12-03,0.0,0.0,0.0,0.044,0.043611111,0.079,,0.0,2.858444444
2008-12-04,0.0,0.0,0.0,0.044,0.044850694,0.08,,0.0,2.8664375
2008-12-05,0.0,0.0,0.0,0.039,0.047517361,0.078,,0.0,2.8379236110000003
2008-12-06,0.0,0.0,0.0,0.04,0.045965278,0.078,,0.0,2.6226875
2008-12-07,0.0,0.0,0.0,0.038,0.047440972000000005,0.076,,0.0,2.474951389
2008-12-08,11.3,7.1,6.1,0.037000000000000005,0.047892361,0.075,,0.0,2.508020833
2008-12-09,13.4,18.8,8.1,0.06,0.0546875,0.083,,0.171,5.257836806
2008-12-10,0.6,3.5,0.1,0.07200000000000001,0.051670139,0.126,,0.334,8.264763889
2008-12-11,0.0,0.0,0.0,0.06,0.044184028,0.094,,0.028,3.215861111
2008-12-12,0.0,0.0,0.0,0.049,0.042496528,0.09,,0.006999999999999999,3.099631944
2008-12-13,6.9,8.1,6.4,0.047,0.044736111,0.096,,0.004,3.061965278
2008-12-14,0.1,0.1,0.0,0.133,0.045739583,0.121,,0.14,5.704607639
2008-12-15,4.7,6.6,1.3,0.068,0.033423611,0.109,,0.039,3.435902778
2008-12-16,2.9,3.5,1.0,0.061,0.043541667,0.101,,0.021,3.662333333
2008-12-17,0.0,0.0,0.0,0.064,0.043579861,0.095,,0.0,3.251083333
2008-12-18,0.0,0.0,0.0,0.06,0.046291667,0.091,,0.0,3.018590278
2008-12-19,0.0,0.0,0.0,0.056,0.04559375,0.08900000000000001,,0.0,2.9459930560000003
2008-12-20,0.0,0.0,0.0,0.053,0.046684028,0.08800000000000001,,0.0,2.810930556
2008-12-21,0.0,0.0,0.0,0.05,0.046190972,0.086,,0.0,2.670423611
2008-12-22,0.0,0.0,0.0,0.049,0.045215278,0.083,,0.0,2.689097222
2008-12-23,0.0,0.0,0.0,0.048,0.043732639,0.08199999999999999,,0.0,2.7615486110000003
2008-12-24,0.0,0.0,0.0,0.052000000000000005,0.044395833,0.083,,0.0,2.764666667
2008-12-25,,0.0,0.1,0.049,0.044715278,0.084,,0.0,2.694006944
2008-12-26,34.5,14.2,44.4,0.183,0.051527778,0.139,,0.65,10.136625
2008-12-27,17.6,5.5,30.8,5.71,0.177909722,0.29,,1.635,25.59451389
2008-12-28,1.4,0.1,0.8,4.739,0.7585833329999999,0.24,,0.778,21.43298958
2008-12-29,2.0,0.3,1.7,1.788,0.12873958300000002,0.223,,0.145,12.03739931
2008-12-30,1.4,0.3,1.4,1.463,0.118041667,0.215,,0.107,8.913371527999999
2008-12-31,0.0,0.0,0.1,1.315,0.109451389,0.2,,0.051,7.810027777999999
2009-01-01,0.0,0.0,0.0,1.109,0.098333333,0.188,,0.04,6.3804861110000015
2009-01-02,0.4,0.1,0.2,0.762,0.089326389,0.179,,0.035,5.7839305560000005
2009-01-03,0.5,0.0,0.0,0.551,0.077684028,0.173,,0.035,5.290163194
2009-01-04,0.0,0.0,0.0,0.418,0.075038194,0.166,,0.031,4.9130625
2009-01-05,0.0,0.0,0.0,0.35600000000000004,0.083135417,0.159,,0.028,4.845072917
2009-01-06,14.3,46.4,15.1,0.32,0.082927083,0.174,,0.431,9.728385417
2009-01-07,0.0,0.0,0.0,0.35200000000000004,0.082152778,0.177,,0.211,8.335951389
2009-01-08,0.3,0.0,0.0,0.28300000000000003,0.073572917,0.157,,0.058,5.363430556
2009-01-09,20.7,16.2,15.0,0.32,0.071385417,0.155,,0.067,5.5569375
2009-01-10,1.8,2.6,2.9,1.5419999999999998,0.090065972,0.233,,0.573,14.97314931
2009-01-11,0.0,0.0,0.0,1.672,0.077559028,0.209,,0.086,8.64415625
2009-01-12,0.0,0.0,0.0,1.3119999999999998,0.083253472,0.21,,0.071,7.187100694
2009-01-13,0.0,0.0,0.0,0.991,0.096701389,0.204,,0.064,6.410868056
2009-01-14,0.0,0.0,0.0,0.807,0.095173611,0.194,,0.058,5.909642361
2009-01-15,0.0,0.0,0.0,0.723,0.08848611099999999,0.183,,0.056,5.604770833
2009-01-16,0.0,0.0,0.0,0.606,0.083017361,0.16899999999999998,,0.048,5.31928125
2009-01-17,0.0,0.0,0.0,0.513,0.07223611099999999,0.157,,0.044,4.960979167
2009-01-18,0.0,0.0,0.0,0.468,0.068913194,0.157,,0.042,4.630041667
2009-01-19,0.3,0.2,1.1,0.446,0.082836806,0.161,,0.041,4.736260417
2009-01-20,0.0,0.0,0.0,0.557,0.0855,0.16699999999999998,,0.051,5.118711806
2009-01-21,0.0,0.0,0.0,0.484,0.078600694,0.159,,0.038,4.760982639
2009-01-22,0.3,0.1,0.1,0.439,0.07555208299999999,0.158,,0.036000000000000004,4.559173611
2009-01-23,0.0,0.0,0.0,0.425,0.080385417,0.156,,0.033,4.503479167
2009-01-24,0.0,0.0,0.0,0.406,0.060579861,0.153,,0.025,4.155263889
2009-01-25,0.1,0.0,0.0,0.374,0.044604167,0.159,,0.023,3.943097222
2009-01-26,0.0,0.0,0.0,0.36,0.052375,0.158,,0.023,4.069930556
2009-01-27,0.0,0.0,0.0,0.353,0.054934028,0.156,,0.022,4.115479167
2009-01-28,0.0,0.0,0.0,0.334,0.069722222,0.154,,0.025,4.126284722
2009-01-29,0.0,0.0,0.0,0.324,0.070395833,0.153,,0.022,3.961298611
2009-01-30,2.1,,0.0,0.317,0.070416667,0.15,,0.019,3.954520833
2009-01-31,28.1,1.7,27.2,0.964,0.105993056,0.28,,1.001,11.043875
2009-02-01,15.2,7.4,11.1,2.382,0.3675034720000001,0.382,,1.331,18.81604514
2009-02-02,19.9,20.7,13.7,3.131,1.560055556,0.4270000000000001,,1.2990000000000002,16.98688542
2009-02-03,3.0,3.9,0.9,4.427,1.6022708330000002,0.474,,1.829,22.16134375
2009-02-04,0.0,0.0,0.0,2.821,1.129885417,0.431,,0.977,15.69332639
2009-02-05,1.2,1.7,0.6,2.463,0.737055556,0.368,,0.685,12.55371875
2009-02-06,1.8,0.0,1.0,2.381,0.380097222,0.327,,0.541,10.78984375
2009-02-07,0.0,0.0,0.0,2.144,0.12478125,0.304,,0.415,9.447541667000001
2009-02-08,0.0,0.0,0.0,1.7080000000000002,0.064420139,0.278,,0.28600000000000003,8.069847222
2009-02-09,0.0,0.0,0.0,1.415,0.402055749,0.259,,0.241,7.446416667
2009-02-10,0.0,0.0,0.0,1.271,0.5730138889999999,0.241,,0.196,7.053145832999999
2009-02-11,0.3,0.0,,1.173,0.181496528,0.232,,0.196,6.637020832999999
2009-02-12,0.0,0.5,0.0,1.111,0.151958333,0.225,,0.191,6.258878472
2009-02-13,0.0,0.0,,1.033,0.135309028,0.217,,0.16,5.914864583
2009-02-14,0.0,0.0,0.0,0.958,0.131493056,0.212,,0.157,5.762527778
2009-02-15,0.0,0.0,0.0,0.926,0.120545139,0.206,,0.149,5.431315972
2009-02-16,0.0,0.0,,0.939,0.124447917,0.198,,0.141,5.482201389
2009-02-17,0.0,0.0,,0.884,0.113520833,0.191,,0.118,5.352934028
2009-02-18,0.0,0.0,,0.8759999999999999,0.118847222,0.187,,0.097,5.174871528
2009-02-19,0.0,0.0,,0.84,0.11421875,0.185,,0.103,5.103378472
2009-02-20,0.0,0.0,,0.8240000000000001,0.106586806,0.185,,0.098,4.954208333
2009-02-21,0.0,0.0,0.0,0.7859999999999999,0.086048611,0.181,,0.08199999999999999,4.725961806
2009-02-22,0.0,0.0,,0.767,0.076722222,0.18,,0.07400000000000001,4.459840278
2009-02-23,0.0,0.0,0.0,0.768,0.103180556,0.17800000000000002,,0.07200000000000001,4.517798611
2009-02-24,0.0,0.0,0.0,0.687,0.108010417,0.174,,0.08800000000000001,4.617236111
2009-02-25,0.0,0.0,0.0,0.539,0.096513889,0.171,,0.084,4.530083333
2009-02-26,0.0,0.0,0.0,0.516,0.089496528,0.17600000000000002,,0.08,4.496965278
2009-02-27,0.0,0.0,0.0,0.329,0.104482639,0.17800000000000002,,0.075,4.452111111000001
2009-02-28,0.1,0.0,0.1,0.203,0.107715278,0.174,,0.07,4.257625
2009-03-01,0.8,0.0,0.4,0.21600000000000005,0.114263889,0.16699999999999998,,0.068,4.178666667
2009-03-02,9.0,0.0,5.5,0.199,0.09065625,0.16699999999999998,,0.062,4.435479167
2009-03-03,0.8,0.5,0.0,0.272,0.096333333,0.175,,0.152,6.0978854170000005
2009-03-04,3.4,2.4,1.7,0.263,0.11803125,0.166,,0.094,4.717993056
2009-03-05,0.0,0.0,0.0,0.275,0.121642361,0.162,,0.08,4.569097222
2009-03-06,0.0,0.0,0.0,0.242,0.120996528,0.152,,0.052000000000000005,4.270993056
2009-03-07,0.0,0.0,0.0,0.211,0.119472222,0.149,,0.05,4.0248125
2009-03-08,,0.0,0.0,0.194,0.120927083,0.14400000000000002,,0.049,3.756722222
2009-03-09,1.7,0.1,0.2,0.198,0.117416667,0.14400000000000002,,0.043,3.804680556
2009-03-10,0.0,0.0,0.0,0.237,0.108916667,0.145,,0.045,3.898083333
2009-03-11,0.0,0.0,0.0,0.215,0.098076389,0.147,,0.045,3.846638889
2009-03-12,0.0,0.0,0.0,0.213,0.099545139,0.14800000000000002,,0.047,3.750493056
2009-03-13,0.0,0.0,0.0,0.224,0.111604167,0.146,,0.041,3.697659722
2009-03-14,0.0,0.0,0.0,0.222,0.126291667,0.139,,0.041,3.522
2009-03-15,0.0,,0.0,0.223,0.115829861,0.135,,0.04,3.369597222
2009-03-16,0.0,,0.0,0.198,0.092489583,0.131,,0.039,3.440840278
2009-03-17,0.0,0.0,0.0,0.2,0.116763889,0.126,,0.038,3.563236111
2009-03-18,0.0,0.0,0.0,0.19,0.120527778,0.125,,0.037000000000000005,3.462569444
2009-03-19,0.0,0.0,0.0,0.193,0.120333333,0.127,,0.037000000000000005,3.4348680560000004
2009-03-20,0.0,0.0,0.0,0.207,0.122260417,0.131,,0.036000000000000004,3.3821180560000004
2009-03-21,0.0,0.0,0.0,0.21600000000000005,0.11221875,0.128,,0.033,3.325166667
2009-03-22,0.0,0.0,0.0,0.202,0.111847222,0.126,,0.033,3.189444444
2009-03-23,0.0,0.0,0.0,0.202,0.121246528,0.121,,0.032,3.229465278
2009-03-24,0.0,0.0,0.0,0.212,0.111854167,0.117,,0.031,3.3501944439999995
2009-03-25,0.0,0.0,0.0,0.221,0.099010417,0.121,,0.031,3.323472222
2009-03-26,0.0,0.0,0.0,0.217,0.122440972,0.125,,0.032,3.315770833
2009-03-27,0.4,0.2,0.8,0.204,0.13009722199999998,0.121,,0.023,3.299201389
2009-03-28,20.9,14.7,18.6,0.34700000000000003,0.200934028,0.149,,0.16,5.776076389
2009-03-29,1.1,1.1,0.7,0.6679999999999999,0.679940972,0.187,,0.369,9.963788194
2009-03-30,2.6,0.4,2.6,0.304,0.116871528,0.14,,0.069,4.362065972
2009-03-31,33.4,27.1,25.4,0.653,0.388895833,0.198,,0.545,10.31788194
2009-04-01,1.5,2.8,0.2,1.535,0.927350694,0.208,,0.476,12.50990625
2009-04-02,7.0,5.2,5.1,1.178,0.502375,0.223,,0.42,9.766232639
2009-04-03,,0.0,0.0,0.982,0.43278125,0.199,,0.15,6.029319444
2009-04-04,0.0,9.9,0.0,0.685,0.405840278,0.194,,0.094,5.06471875
2009-04-05,0.0,,0.0,0.509,0.302550523,0.191,,0.08,4.479506944
2009-04-06,0.5,2.8,0.4,0.336,0.2064375,0.183,,0.067,4.412833333
2009-04-07,27.3,13.9,20.7,0.27,1.036534722,0.209,,0.341,7.835690972
2009-04-08,,0.0,0.0,1.421,0.757065972,0.292,,0.6659999999999999,10.96595486
2009-04-09,0.2,0.0,0.0,0.91,1.147440972,0.233,,0.14300000000000002,5.846746528
2009-04-10,12.3,8.3,14.7,0.66,1.967887931,0.23,,0.201,5.916607639
2009-04-11,0.3,0.3,0.1,1.433,1.891484536,0.306,,0.93,13.29474653
2009-04-12,5.7,4.7,3.2,1.4380000000000002,1.088208333,0.274,,0.294,9.036430556000001
2009-04-13,0.0,0.0,0.0,1.442,1.584583333,0.264,,0.204,7.945222222000001
2009-04-14,0.3,0.0,0.3,1.239,1.622947917,0.253,,0.14800000000000002,7.03884375
2009-04-15,0.0,0.0,0.1,0.992,1.29053125,0.241,,0.121,6.420576389
2009-04-16,4.1,1.3,0.4,0.735,0.653947917,0.236,,0.102,6.389072917000001
2009-04-17,4.0,0.6,0.1,0.535,0.968385417,0.24,,0.14800000000000002,6.921340278
2009-04-18,0.0,0.0,0.1,0.525,1.3766458330000002,0.253,,0.301,7.167958333
2009-04-19,0.0,0.0,0.0,0.418,0.933086806,0.22,,0.198,6.23921875
2009-04-20,,0.0,0.0,0.431,0.724878472,0.21,,0.119,5.528395832999999
2009-04-21,1.5,0.1,4.3,0.456,1.244864583,0.195,,0.107,5.973315972000001
2009-04-22,0.0,0.0,0.0,0.399,0.9416875,0.181,,0.09,5.162854167
2009-04-23,0.0,0.0,0.0,0.335,0.727253472,0.172,,0.056,4.807899306
2009-04-24,0.0,0.0,0.0,0.279,1.255847222,0.166,,0.044,4.543
2009-04-25,0.4,0.0,0.0,0.224,0.999114583,0.16899999999999998,,0.045,4.343041667
2009-04-26,15.3,9.7,6.8,0.303,0.849215278,0.235,,0.247,7.054423611
2009-04-27,0.0,0.0,0.0,0.312,1.306701389,0.206,,0.129,5.721229167000001
2009-04-28,0.0,0.0,0.0,0.262,1.215097222,0.175,,0.084,4.7773333330000005
2009-04-29,0.0,0.0,0.0,0.21600000000000005,1.2048125,0.168,,0.059,4.329784722
2009-04-30,8.4,7.6,11.5,0.226,1.450763889,0.192,,0.106,5.787888889
2009-05-01,5.7,2.2,3.0,0.981,2.211138889,0.265,,0.499,10.55294097
2009-05-02,0.0,0.0,0.0,0.589,1.763666667,0.208,,0.165,5.290270833
2009-05-03,0.0,0.0,0.0,0.404,1.830347222,0.197,,0.087,4.456722222
2009-05-04,0.0,0.0,0.0,0.331,1.6563715280000002,0.19,,0.062,4.447138889
2009-05-05,0.0,0.0,0.0,0.302,1.604420139,0.185,,0.054000000000000006,4.354555556
2009-05-06,0.0,0.0,0.0,0.238,1.918336806,0.17600000000000002,,0.043,4.202381944
2009-05-07,,0.0,0.0,0.198,1.733225694,0.161,,0.038,3.967958333
2009-05-08,0.0,0.0,0.0,0.162,1.672631944,0.165,,0.028,3.832340278
2009-05-09,0.2,0.0,0.1,0.152,1.500819444,0.168,,0.018000000000000002,3.639555556
2009-05-10,0.0,,0.0,0.13699999999999998,1.688243056,0.16699999999999998,,0.017,3.4760486110000004
2009-05-11,0.0,0.0,0.0,0.136,1.207451389,0.168,,0.0,3.516729167
2009-05-12,0.0,16.4,0.0,0.127,1.037336806,0.16399999999999998,,0.0,3.613965278
2009-05-13,0.3,,0.2,0.128,1.046954861,0.16,,0.0,3.643340278
2009-05-14,8.7,,5.1,0.215,0.872878472,0.189,,0.026,4.780993056
2009-05-15,0.0,4.2,0.0,0.251,0.374288194,0.161,,0.12,4.672708333
2009-05-16,0.0,0.0,0.0,0.134,0.354996528,0.145,,0.033,3.541104167
2009-05-17,0.0,0.0,0.0,0.117,0.384579861,0.13699999999999998,,0.015,3.235041667
2009-05-18,0.0,0.0,0.0,0.11,0.409121528,0.13699999999999998,,0.0,3.2906875
2009-05-19,0.0,0.0,0.0,0.099,0.4172847220000001,0.121,,0.0,3.18925
2009-05-20,0.0,0.0,0.0,0.08900000000000001,0.418083333,0.099,,0.0,3.156180556
2009-05-21,0.0,0.0,0.0,0.08900000000000001,0.472583333,0.085,,0.0,3.146583333
2009-05-22,0.0,0.0,0.0,0.084,0.494545139,0.086,,0.0,3.063611111
2009-05-23,0.0,0.0,0.0,0.07400000000000001,0.549284722,0.078,,0.0,2.842833333
2009-05-24,,0.0,0.0,0.065,0.5662152779999999,0.078,,0.0,2.727159722
2009-05-25,0.0,0.0,0.0,0.064,0.576805556,0.077,,0.0,2.875743056
2009-05-26,0.0,0.0,0.0,0.063,0.640107639,0.07400000000000001,,0.0,2.932361111
2009-05-27,0.0,0.0,0.0,0.061,0.625881944,0.069,,0.0,2.815270833
2009-05-28,0.0,0.0,0.0,0.057,0.61234375,0.063,,0.0,2.711409722
2009-05-29,0.0,0.0,0.0,0.056,0.658986111,0.056,,0.0,2.603034722
2009-05-30,0.0,0.0,0.0,0.057,0.668677083,0.053,,0.0,2.436979167
2009-05-31,0.1,0.0,4.4,0.112,0.646423611,0.059,,0.0,3.020013889
2009-06-01,0.0,0.0,0.0,0.127,0.609836806,0.055,,0.0,3.863114583
2009-06-02,0.0,0.0,0.0,0.08,0.5455416670000001,0.065,,0.0,2.9455555560000004
2009-06-03,0.0,0.0,0.0,0.067,0.549923611,0.115,,0.0,2.882222222
2009-06-04,0.0,0.0,0.2,0.064,0.540458333,0.126,,0.0,2.782027778
2009-06-05,2.4,0.2,1.6,0.116,0.518424,0.14400000000000002,,0.0,3.180715278
2009-06-06,2.9,2.3,0.1,0.133,0.400416667,0.138,,0.0,3.935604167
2009-06-07,0.0,0.0,0.0,0.07200000000000001,0.24745486100000005,0.065,,0.0,2.840347222
2009-06-08,0.0,0.0,0.0,0.062,0.270239583,0.067,,0.0,2.826409722
2009-06-09,0.0,0.0,0.0,0.059,0.308392361,0.055,,0.0,2.749444444
2009-06-10,0.0,0.0,0.0,0.057,0.333211806,0.054000000000000006,,0.0,2.722458333
2009-06-11,0.0,0.0,0.0,0.055,0.341243056,0.053,,0.0,2.660208333
2009-06-12,0.0,0.0,0.0,0.033,0.340833333,0.055,,0.0,2.596333333
2009-06-13,0.0,0.0,0.0,0.034,0.363510417,0.052000000000000005,,0.0,2.347909722
2009-06-14,0.0,0.0,0.0,0.037000000000000005,0.374163194,0.05,,0.0,2.1860138890000003
2009-06-15,,0.0,0.0,0.039,0.385545455,0.05,,0.0,2.2895625
2009-06-16,0.0,0.0,0.0,0.042,0.385,0.049,,0.0,2.295208333
2009-06-17,0.0,0.0,0.0,0.041,0.360590278,0.049,,0.0,2.256409722
2009-06-18,0.0,0.0,0.0,0.04,0.3715625,0.049,,0.0,2.195097222
2009-06-19,0.4,0.3,0.0,0.042,0.361569444,0.048,,0.0,2.133618056
2009-06-20,0.6,0.5,0.0,0.051,0.368277778,0.049,,0.0,1.424194444
2009-06-21,0.0,0.0,0.0,0.067,0.350694444,0.05,,0.0,1.042305556
2009-06-22,0.0,0.0,0.0,0.052000000000000005,0.35740972200000004,0.049,,0.0,1.5795625
2009-06-23,0.0,0.0,0.0,0.043,0.35631597200000004,0.049,,0.0,2.404263889
2009-06-24,0.0,0.0,0.0,0.04,0.339857639,0.049,,0.0,2.30875
2009-06-25,0.5,0.0,0.4,0.039,0.328611111,0.047,,0.0,2.506444444
2009-06-26,0.0,0.0,0.0,0.037000000000000005,0.322649306,0.047,,0.0,2.771604167
2009-06-27,0.0,0.0,0.0,0.033,0.34035416700000004,0.046,,0.0,2.410756944
2009-06-28,0.0,0.0,0.0,0.036000000000000004,0.319666667,0.045,,0.0,2.1600625
2009-06-29,0.0,0.0,0.0,0.04,0.297256944,0.043,,0.0,2.302652778
2009-06-30,0.0,0.0,0.0,0.081,0.290621528,0.042,,0.0,2.360173611
2009-07-01,0.0,0.0,0.0,0.119,0.282149306,0.041,,0.0,2.689159722
2009-07-02,0.0,0.0,0.0,0.045,0.267444444,0.04,,0.0,2.793208333
2009-07-03,0.0,0.0,0.0,0.036000000000000004,0.278288194,0.039,,0.0,2.754909722
2009-07-04,0.0,0.0,0.0,0.032,0.239975694,0.038,,0.0,2.718263889
2009-07-05,0.0,0.0,0.0,0.07,0.2310625,0.063,,0.0,2.722597222
2009-07-06,0.0,0.0,0.0,0.14400000000000002,0.205107639,0.052000000000000005,,0.0,3.446756944
2009-07-07,0.8,0.0,1.8,0.187,0.229586806,0.087,,0.0,3.618930556
2009-07-08,0.2,0.0,0.0,0.07400000000000001,0.13565972199999998,0.066,,0.0,3.459416667
2009-07-09,42.3,40.1,11.5,0.061,0.1185625,0.057,,0.006999999999999999,4.983243056
2009-07-10,,0.0,0.0,0.059,0.121822917,0.057,,0.0,2.489055556
2009-07-11,0.0,0.0,0.0,0.056,0.117479167,0.053,,0.0,2.632430556
2009-07-12,0.0,0.0,0.0,0.053,0.124947917,0.051,,0.0,2.743326389
2009-07-13,0.0,0.0,0.0,0.049,0.127697917,0.049,,0.0,2.996784722
2009-07-14,,0.0,0.0,0.043,0.1245625,0.043,,0.0,3.1439375
2009-07-15,0.0,0.0,0.0,0.044,0.127145833,0.04,,0.0,3.155638889
2009-07-16,,0.0,0.0,0.044,0.12453125,0.039,,0.0,3.095715278
2009-07-17,0.1,0.0,0.0,0.041,0.117572917,0.04,,0.0,3.123777778
2009-07-18,0.0,0.0,0.0,0.045,0.102506944,0.042,,0.0,2.8745
2009-07-19,0.0,0.0,0.0,0.043,0.091607639,0.042,,0.0,2.630805556
2009-07-20,0.0,0.0,0.0,0.041,0.093798611,0.04,,0.0,2.892736111
2009-07-21,1.6,0.4,1.8,0.039,0.099583333,0.04,,0.0,2.933583333
2009-07-22,0.0,0.0,,0.043,0.108482639,0.039,,0.0,3.685892361
2009-07-23,0.0,0.0,0.0,0.039,0.110145833,0.037000000000000005,,0.0,3.013590278
2009-07-24,0.0,0.0,0.0,0.033,0.102697917,0.036000000000000004,,0.0,2.9372777780000003
2009-07-25,0.0,0.0,0.0,0.036000000000000004,0.090298611,0.038,,0.0,2.736965278
2009-07-26,0.0,0.0,0.0,0.035,0.0885625,0.038,,0.0,2.527013889
2009-07-27,0.0,0.0,0.0,0.032,0.077805556,0.038,,0.0,2.757423611
2009-07-28,0.0,0.0,0.0,0.03,0.078729167,0.038,,0.0,2.848354167
2009-07-29,0.0,0.0,0.0,0.017,0.090027778,0.038,,0.0,2.848152778
2009-07-30,0.0,0.0,0.0,0.006,0.08278125,0.037000000000000005,,0.0,2.8346805560000004
2009-07-31,0.0,0.0,0.0,0.006,0.078454861,0.038,,0.0,2.807041667
2009-08-01,,0.0,0.0,0.006,0.06863888900000001,0.038,,0.0,2.649951389
2009-08-02,0.0,0.0,0.0,0.006,0.073909722,0.038,,0.0,2.455895833
2009-08-03,0.0,0.0,0.0,0.006999999999999999,0.061659722,0.039,,0.0,2.478993056
2009-08-04,0.0,0.0,0.0,0.008,0.062517361,0.038,,0.0,2.492756944
2009-08-05,0.0,0.0,0.0,0.008,0.07152083299999999,0.036000000000000004,,0.0,2.465361111
2009-08-06,0.0,0.0,0.0,0.008,0.070322917,0.036000000000000004,,0.0,2.420694444
2009-08-07,0.0,0.0,0.0,0.008,0.069065972,0.035,,0.0,2.452555556
2009-08-08,0.0,0.0,0.0,0.008,0.070753472,0.036000000000000004,,0.0,2.309138889
2009-08-09,,0.0,,0.043,0.30571180600000003,0.15,,0.969,4.073354167
2009-08-10,0.0,0.0,,0.029,0.097704861,0.12,,0.066,2.8117152780000003
2009-08-11,0.0,0.0,,0.009000000000000001,0.040454861,0.057,,0.0,1.951444444
2009-08-12,0.0,0.0,,0.006999999999999999,0.043642361,0.049,,0.0,1.876409722
2009-08-13,0.0,0.0,,0.003,0.039072917,0.049,,0.0,2.4666527780000003
2009-08-14,0.0,0.0,,0.002,0.040350694,0.048,,0.0,2.435659722
2009-08-15,0.0,0.0,,0.002,0.039298611,0.047,,0.0,2.374333333
2009-08-16,0.0,0.0,,0.003,0.038861111,0.046,,0.0,2.2797152780000003
2009-08-17,0.0,0.0,,0.003,0.038322917000000005,0.054000000000000006,,0.0,2.383923611
2009-08-18,0.0,0.0,,0.002,0.037215278,0.087,,0.0,2.361375
2009-08-19,0.0,0.0,,0.002,0.036055556,0.048,,0.0,2.322881944
2009-08-20,0.0,0.0,,0.003,0.033895833,0.047,,0.0,2.335222222
2009-08-21,0.0,0.0,,0.003,0.031899306,0.045,,0.0,2.298347222
2009-08-22,0.0,0.0,,0.006,0.030204861,0.043,,0.0,2.280895833
2009-08-23,0.0,0.0,,0.006,0.032746528,0.04,,0.0,2.2606875
2009-08-24,0.0,0.0,0.0,0.008,0.03178125,0.038,,0.0,2.374444444
2009-08-25,0.4,0.1,0.1,0.009000000000000001,0.029190972000000006,0.038,,0.0,2.467222222
2009-08-26,,0.0,0.0,0.006999999999999999,0.029416667,0.037000000000000005,,0.0,2.522402778
2009-08-27,0.0,0.0,0.0,0.006,0.032006944,0.037000000000000005,,0.0,2.508069444
2009-08-28,0.0,0.0,0.0,0.005,0.034017361,0.036000000000000004,,0.0,2.491423611
2009-08-29,,3.9,0.0,0.005,0.032267361,0.035,,0.0,2.365222222
2009-08-30,0.0,0.0,0.0,0.005,0.029923611,0.035,,0.0,2.348715278
2009-08-31,,22.7,0.0,0.003,0.028809028,0.035,,0.0,2.501819444
2009-09-01,0.3,0.0,0.6,0.005,0.030986111,0.035,,0.0,2.576506944
2009-09-02,0.0,0.0,0.0,0.006,0.030725694,0.034,,0.0,2.746875
2009-09-03,0.0,0.0,0.0,0.006,0.035302083,0.034,,0.0,2.367618056
2009-09-04,,1.6,0.0,0.006,0.035729167,0.033,,0.0,2.106604167
2009-09-05,0.0,0.0,0.0,0.006,0.032850694,0.033,,0.0,1.970388889
2009-09-06,0.0,0.0,0.0,0.005,0.030763889,0.033,,0.0,1.9133125
2009-09-07,0.0,0.0,0.0,0.004,0.029864583,0.032,,,1.995854167
2009-09-08,0.0,0.0,0.0,0.003,0.034236111,0.032,,,2.039298611
2009-09-09,0.0,0.0,0.0,0.004,0.031392361,0.032,,,2.0523125
2009-09-10,0.0,0.0,0.0,0.004,0.035138889,0.031,,,2.027097222
2009-09-11,0.0,0.0,0.0,0.004,0.031569444,0.03,,,1.934256944
2009-09-12,0.0,0.0,0.0,0.005,0.03140625,0.03,,,1.892569444
2009-09-13,2.5,0.0,5.8,0.006,0.050715278,0.029,,,2.025270833
2009-09-14,3.6,36.9,32.5,0.011,0.096756944,0.065,,,14.92516666
2009-09-15,0.3,0.4,0.0,0.224,0.440989583,0.063,,,7.912138892000001
2009-09-16,0.0,0.0,0.0,0.018000000000000002,0.069864583,0.061,,,2.416222224
2009-09-17,11.9,0.8,,0.032,0.0795,0.073,,,5.64447222
2009-09-18,0.9,1.0,0.2,0.244,0.299190972,0.14,,,10.10704166
2009-09-19,0.0,0.0,0.0,0.025,0.092371528,0.075,,,4.378583336
2009-09-20,7.7,10.3,,0.16899999999999998,0.304173611,0.101,,,13.82972222
2009-09-21,2.0,0.5,0.4,0.387,0.2441875,0.107,,,9.110104165
2009-09-22,0.0,0.0,0.0,0.027000000000000003,0.116607639,0.07200000000000001,,,4.90805556
2009-09-23,0.0,0.0,0.0,0.02,0.117364583,0.055,,,3.175138888
2009-09-24,0.0,0.0,0.0,0.016,0.134565972,0.053,,,2.921833336
2009-09-25,0.0,0.0,0.0,0.015,0.134246528,0.053,,,2.859416664
2009-09-26,0.0,0.0,0.0,0.015,0.131447917,0.052000000000000005,,,2.693861112
2009-09-27,0.0,0.0,0.0,0.015,0.145888889,0.051,,,2.391083328
2009-09-28,0.0,0.0,0.0,0.014,0.17519791699999998,0.048,,,2.459277776
2009-09-29,0.1,0.1,0.3,0.022,0.208954861,0.044,,0.0,2.65157265
2009-09-30,,,0.1,0.028,0.218746528,0.041,,0.0,2.5883958330000003
2009-10-01,2.9,1.6,2.8,0.034,0.193121528,0.038,,0.0,3.094045139
2009-10-02,0.0,0.0,0.0,0.054000000000000006,0.182131944,0.051,,0.0,2.976583333
2009-10-03,0.0,0.0,0.0,0.048,0.14824652800000002,0.048,,0.0,2.523784722
2009-10-04,0.0,0.0,0.0,0.047,0.112135417,0.046,,0.0,2.345368056
2009-10-05,0.0,0.0,0.0,0.045,0.140368056,0.041,,0.0,2.492944444
2009-10-06,0.0,0.0,0.0,0.044,0.134104167,0.035,,0.0,2.47525
2009-10-07,,0.0,0.0,0.04,0.142871528,0.033,,0.0,2.478145833
2009-10-08,0.0,6.2,0.0,0.037000000000000005,0.160788194,0.031,,0.0,2.494
2009-10-09,0.0,0.0,0.0,0.037000000000000005,0.15085763900000002,0.03,,0.0,2.476166667
2009-10-10,0.0,0.0,0.0,0.037000000000000005,0.153347222,0.035,,0.0,2.360569444
2009-10-11,0.0,0.0,0.0,0.038,0.12682291699999998,0.045,,0.0,2.215131944
2009-10-12,0.0,0.0,0.0,0.035,0.13375,0.037000000000000005,,0.0,2.208604167
2009-10-13,0.0,0.0,0.0,0.028,0.141833333,0.017,,0.0,2.329326389
2009-10-14,0.0,0.0,0.0,0.028,0.136253472,0.006999999999999999,,0.0,2.3858333330000003
2009-10-15,1.8,0.0,0.1,0.028,0.124295139,0.006999999999999999,,0.0,2.489743056
2009-10-16,0.0,0.0,0.0,0.028,0.110875,0.009000000000000001,,0.0,2.530798611
2009-10-17,0.0,0.0,0.0,0.03,0.075534722,0.013,,0.0,2.424416667
2009-10-18,0.0,0.0,0.0,0.03,0.076149306,0.021,,0.0,2.289743056
2009-10-19,6.0,0.7,16.9,0.032,0.081260417,0.028,,0.0,2.4247083330000003
2009-10-20,12.8,6.9,17.4,0.177,0.19546875,0.077,,0.162,5.010927083
2009-10-21,7.3,9.5,7.6,2.4290000000000003,0.611024306,0.279,,1.05,13.66550347
2009-10-22,73.0,35.7,38.3,0.894,0.240208333,0.247,,1.3,7.573309859
2009-10-23,0.0,0.0,0.0,0.8079999999999999,0.16396875,0.16399999999999998,,0.158,7.2
2009-10-24,0.0,0.0,0.0,0.206,0.066442509,0.142,,0.014,7.04700348
2009-10-25,,0.0,0.0,0.103,0.056739583,0.132,,0.0,5.130885415
2009-10-26,,0.0,0.0,0.08,0.044381944000000007,0.121,,0.0,4.4335627
2009-10-27,0.0,0.0,0.1,0.066,0.0263125,0.104,,0.0,3.789809025
2009-10-28,0.0,0.0,0.0,0.046,0.038232639,0.102,,0.0,3.434659722
2009-10-29,0.0,0.0,0.0,0.032,0.027663194,0.11,,0.0,2.370916667
2009-10-30,0.0,16.0,0.0,0.03,0.028388889,0.104,,0.0,2.299222222
2009-10-31,0.0,,0.0,0.028,0.024690972,0.097,,0.0,2.208784722
2009-11-01,0.0,0.0,0.2,0.028,0.021340278,0.093,,0.0,2.115541667
2009-11-02,0.0,15.3,0.0,0.03,0.022444444,0.08800000000000001,,0.0,2.188375
2009-11-03,0.0,14.8,0.0,0.028,0.022253472000000003,0.083,,0.0,2.211111111
2009-11-04,0.0,15.4,0.0,0.03,0.010121528,0.081,,0.0,2.2484583330000003
2009-11-05,0.0,12.4,0.0,0.029,0.011930556,0.081,,0.0,2.220229167
2009-11-06,0.0,10.2,0.0,0.029,,0.08199999999999999,,0.0,2.479152778
2009-11-07,0.0,,,0.027000000000000003,,0.084,,0.0,2.9775
2009-11-08,0.0,10.6,0.0,0.027000000000000003,,0.09,,0.0,2.668694444
2009-11-09,0.0,10.1,0.0,0.042,,0.087,,0.0,2.6972986110000003
2009-11-10,0.0,8.9,0.2,0.05,,0.08900000000000001,,0.0,2.759854167
2009-11-11,,,0.0,0.05,,0.08800000000000001,,0.0,2.7461111110000003
2009-11-12,0.0,12.1,0.0,0.05,,0.084,,0.0,2.7440833330000003
2009-11-13,0.0,11.8,0.0,0.05,0.024704861,0.081,,0.0,2.736513889
2009-11-14,0.0,,0.0,0.05,0.017142361000000002,0.08199999999999999,,0.0,2.665243056
2009-11-15,0.0,,0.0,0.05,0.017052083,0.083,,0.0,2.518215278
2009-11-16,0.0,,0.0,0.053,0.017277778,0.08,,0.0,2.624118056
2009-11-17,0.0,14.1,0.0,0.054000000000000006,0.020770833,0.076,,0.0,2.633701389
2009-11-18,0.0,,0.0,0.055,,0.076,,0.0,2.719666667
2009-11-19,0.0,,0.0,0.056,0.015381944,0.077,,0.0,2.6943125
2009-11-20,0.0,,0.0,0.056,0.011211806,0.077,,0.0,2.683159722
2009-11-21,,,0.1,0.059,0.010048611,0.077,,0.0,2.579972222
2009-11-22,0.3,14.7,0.0,0.059,0.006048611,0.076,,0.0,2.386458333
2009-11-23,0.0,12.7,0.0,0.056,0.008506944,0.075,,0.0,2.4025625
2009-11-24,0.0,11.9,0.0,0.056,0.006236111,0.075,,0.0,2.551868056
2009-11-25,0.0,10.8,0.0,0.059,0.017472222,0.073,,0.0,2.6225277780000003
2009-11-26,0.1,12.2,0.0,0.059,0.021371528,0.07200000000000001,,0.0,2.6258125
2009-11-27,0.0,13.9,0.1,0.058,0.021131944,0.07200000000000001,,0.0,2.720354167
2009-11-28,0.0,11.5,0.0,0.061,0.014545139,0.078,,0.0,2.558618056
2009-11-29,4.4,3.8,7.7,0.061,0.018298611,0.096,,0.018000000000000002,4.998729167
2009-11-30,0.0,0.0,0.0,0.071,0.014645833,0.085,,0.0,3.376211806
2009-12-01,0.0,0.0,0.0,0.066,0.022069444,0.085,,0.0,2.7955069439999995
2009-12-02,,0.0,0.0,0.066,0.016885417,0.081,,0.0,2.792847222
2009-12-03,0.0,0.0,0.0,0.066,0.0170625,0.08,,0.0,2.754951389
2009-12-04,0.0,0.0,0.0,0.066,0.015121528,0.08199999999999999,,0.0,2.7966111110000003
2009-12-05,0.0,0.0,0.0,0.066,0.014868056,0.083,,0.0,2.596819444
2009-12-06,0.0,0.0,0.0,0.066,0.01375,0.083,,0.0,2.4125208330000003
2009-12-07,0.0,0.0,0.0,0.066,0.017076388999999997,0.079,,0.0,2.422729167
2009-12-08,0.0,0.0,0.0,0.066,0.017743056,0.076,,0.0,2.436986111
2009-12-09,0.0,0.0,0.0,0.068,0.014690972,0.076,,0.0,2.5824375
2009-12-10,0.0,0.0,0.0,0.07200000000000001,0.020444444,0.077,,0.0,2.665326389
2009-12-11,0.0,0.0,0.0,0.07200000000000001,0.018927083,0.078,,0.0,2.715847222
2009-12-12,,0.0,0.0,0.077,0.017659722,0.08,,0.0,2.655819444
2009-12-13,,0.0,0.0,0.079,0.005784722,0.08199999999999999,,0.0,2.519645833
2009-12-14,16.2,9.3,2.3,0.083,0.008097222,0.081,,0.0,2.7915208330000003
2009-12-15,0.0,0.0,0.0,0.081,0.015635417,0.08,,0.0,3.619465278
2009-12-16,0.0,0.0,0.0,0.079,0.009204861,0.079,,0.0,2.856486111
2009-12-17,,0.0,0.0,0.083,0.010177083,0.076,,0.0,2.8266875
2009-12-18,0.0,0.0,0.0,0.079,0.007277778,0.08,,0.0,2.841256944
2009-12-19,0.0,0.0,0.0,0.079,0.003454861,0.081,,0.0,2.804715278
2009-12-20,,0.0,0.4,0.08,0.0,0.08900000000000001,,0.0,2.689034722
2009-12-21,5.0,5.0,9.9,0.103,0.005618056,0.112,,0.041,5.891743056
2009-12-22,5.1,3.9,10.4,0.436,0.053076389,0.182,,0.279,8.18225
2009-12-23,6.9,7.4,5.3,0.422,0.097510417,0.17600000000000002,,0.078,6.543020833
2009-12-24,6.6,5.6,8.4,0.813,0.13222916699999998,0.233,,0.28300000000000003,8.833684028
2009-12-25,0.8,0.0,0.3,0.7390000000000001,0.080267361,0.196,,0.023,5.687822917
2009-12-26,3.6,2.2,3.8,0.266,0.034295139,0.19,,0.0,3.933635417
2009-12-27,1.4,0.7,0.4,0.188,0.033854167000000004,0.19,,0.011,4.379493056
2009-12-28,0.0,0.0,0.0,0.151,0.030090278,0.175,,0.0,3.469541667
2009-12-29,0.2,0.4,0.0,0.139,0.036104167,0.163,,0.0,3.231534722
2009-12-30,0.1,0.0,0.0,0.129,0.035923611,0.152,,0.0,3.097375
2009-12-31,,0.0,0.0,0.125,0.026972222,0.146,,0.0,3.229125
2010-01-01,0.0,10.0,,0.111,0.031461806,0.136,,0.0,2.882520833
2010-01-02,2.4,0.0,,0.094,0.014194444,0.125,,0.0,2.7895
2010-01-03,0.2,0.1,,0.08800000000000001,0.015149306,0.118,,0.0,2.778340278
2010-01-04,14.5,15.0,,0.085,0.015913194,0.114,,0.002,3.242413194
2010-01-05,3.9,2.2,,0.158,0.047388889,0.177,,0.125,8.067385417
2010-01-06,0.0,0.0,,0.2,0.04109375,0.152,,0.042,4.424597222
2010-01-07,12.4,8.8,,0.193,0.046461268,0.183,,0.235,8.932222222
2010-01-08,0.1,0.0,,0.31,0.024926829,0.165,,0.123,6.424038194
2010-01-09,0.0,0.0,,0.208,0.01776087,0.155,,0.018000000000000002,3.82125
2010-01-10,0.0,0.0,,0.171,,0.15,,0.011,3.420868056
2010-01-11,0.0,0.0,,0.161,,0.142,,0.01,3.460354167
2010-01-12,4.0,4.5,,0.154,0.017729167,0.138,,0.016,3.925597222
2010-01-13,2.3,1.7,,0.197,0.030659722,0.14300000000000002,,0.035,4.596555556
2010-01-14,,0.1,,0.35600000000000004,0.07873263900000001,0.184,,0.096,5.883166667
2010-01-15,0.0,,,0.298,0.054868056,0.16399999999999998,,0.018000000000000002,3.696756944
2010-01-16,2.1,,,0.208,0.040940972,0.181,,0.01,3.366069444
2010-01-17,2.9,,,0.174,0.040086806,0.184,,0.008,3.153743056
2010-01-18,5.9,,,0.166,0.043555556,0.18,,0.008,3.527083333
2010-01-19,1.4,0.8,,0.166,0.044451389,0.179,,0.013,3.925256944
2010-01-20,,0.0,,0.161,0.042420139,0.166,,0.006999999999999999,3.355354167
2010-01-21,0.0,0.0,,0.159,0.039743056,0.157,,0.001,3.168125
2010-01-22,0.0,,,0.153,0.033850694,0.152,,0.001,3.0810000000000004
2010-01-23,0.0,0.0,,0.156,0.033048611,0.14800000000000002,,0.002,2.993013889
2010-01-24,2.5,1.3,,0.149,0.036423611,0.142,,0.001,2.820597222
2010-01-25,7.3,2.7,,0.155,0.048392361,0.158,,0.058,5.032659722
2010-01-26,0.0,0.0,,0.194,0.054538194000000005,0.152,,0.04,3.551805556
2010-01-27,,0.0,,0.135,0.03171875,0.145,,0.01,3.1643055560000004
2010-01-28,0.0,0.0,,0.129,0.0269375,0.139,,0.006999999999999999,3.067722222
2010-01-29,0.0,0.0,,0.116,0.032427082999999995,0.135,,0.01,3.061180556
2010-01-30,0.0,0.0,0.0,0.113,0.033756944,0.133,,0.012,3.006527778
2010-01-31,0.5,0.1,0.0,0.104,0.029083333,0.135,,0.014,2.839708333
2010-02-01,0.0,0.0,0.0,0.093,0.024878472,0.129,,0.023,2.895066202
2010-02-02,0.0,0.0,0.0,0.091,0.02634375,0.124,,0.016,2.696402778
2010-02-03,0.0,0.0,0.0,0.08900000000000001,0.029326389,0.123,,0.012,2.630166667
2010-02-04,7.8,7.6,9.7,0.105,0.034315972,0.156,,0.385,5.597121528
2010-02-05,0.0,0.0,0.0,0.213,0.085177083,0.14300000000000002,0.33996875,0.095,3.923298611
2010-02-06,0.0,0.0,0.0,0.157,0.055263889,0.131,0.224861111,0.024,2.836451389
2010-02-07,0.0,0.0,0.0,0.141,0.053034722,0.127,0.202649306,0.018000000000000002,2.510694444
2010-02-08,28.0,38.7,25.8,0.17,0.093527778,0.171,0.489114583,0.368,7.419798611
2010-02-09,10.1,6.4,7.1,1.35,0.475625,0.311,1.835434028,0.969,17.13189236
2010-02-10,0.0,0.0,0.0,1.295,0.421961806,0.266,0.7044861109999999,0.127,7.0558125
2010-02-11,0.0,0.0,0.0,0.647,0.23890625,0.249,0.472586806,0.056,5.218152778
2010-02-12,0.0,0.0,0.0,0.4,0.217447917,0.235,0.39971875,0.044,4.535381944
2010-02-13,0.3,8.3,0.0,0.279,0.224475694,0.226,0.351059028,0.041,3.973597222
2010-02-14,,0.0,0.0,0.205,0.20746180600000005,0.217,0.314038194,0.038,3.622701389
2010-02-15,13.3,6.9,12.0,0.182,0.189010417,0.211,0.320715278,0.044,4.068211806
2010-02-16,2.2,0.8,2.0,0.199,0.273274306,0.22,0.534055556,0.235,7.586336806
2010-02-17,0.5,0.0,0.0,0.212,0.30428125,0.201,0.369548611,0.046,4.311059028
2010-02-18,17.0,15.4,20.5,0.192,0.285583333,0.19,0.323826389,0.05,3.976663194
2010-02-19,13.8,22.3,9.0,3.176,1.180545139,0.412,1.6290659719999998,1.046,17.03961806
2010-02-20,0.0,0.0,0.0,2.776,1.329552083,0.456,2.3299270830000003,0.7829999999999999,14.99664236
2010-02-21,2.8,1.3,2.8,1.648,0.8603993059999999,0.358,0.88171875,0.336,8.890694444
2010-02-22,,0.0,0.1,1.349,0.7649756940000001,0.303,0.7093055559999999,0.221,6.873965277999999
2010-02-23,0.0,0.0,0.0,1.079,0.6784861109999999,0.269,0.620503472,0.16,6.012201389
2010-02-24,0.0,0.0,0.0,0.792,0.620628472,0.246,,0.121,5.423729167
2010-02-25,,0.0,0.0,0.603,0.55159375,0.234,0.543979167,0.083,4.958420138999999
2010-02-26,0.0,0.0,0.0,0.463,0.526170139,0.222,0.441420139,0.057,4.601322917
2010-02-27,0.1,0.0,0.6,0.395,0.454947917,0.211,0.419520833,0.05,4.261416667
2010-02-28,0.0,0.0,0.0,0.35200000000000004,0.468138889,0.206,0.3921875,0.05,3.929284722
2010-03-01,0.0,0.0,0.0,0.338,0.4194375,0.2,0.379784722,0.044,3.852833333
2010-03-02,1.0,0.4,1.5,0.341,0.407083333,0.195,0.379788194,0.043,3.720770833
2010-03-03,14.2,12.1,11.8,0.447,0.520784722,0.22,0.640788194,0.34,7.8125798610000015
2010-03-04,0.0,0.1,0.0,0.486,0.539975694,0.213,0.560190972,0.112,4.830472222
2010-03-05,,0.1,0.1,0.464,0.477434028,0.236,1.156399306,0.232,6.762940972000001
2010-03-06,0.0,0.0,0.0,0.413,0.429729167,0.198,0.576545139,0.069,4.228174216
2010-03-07,19.9,13.8,22.7,0.378,0.404708333,0.197,0.494822917,0.068,4.3633680560000005
2010-03-08,28.2,16.1,,0.759,,0.308,1.824072917,1.259,18.28472569
2010-03-09,0.0,0.0,0.0,0.899,,0.251,1.902701389,0.453,11.63255208
2010-03-10,,0.0,0.0,0.877,0.6870381940000001,0.225,1.2900069440000002,0.217,6.8081111110000005
2010-03-11,,0.0,0.0,0.758,0.669211806,0.214,0.968065972,0.163,5.812736111
2010-03-12,0.3,0.0,0.0,0.7759999999999999,0.7516215279999999,0.215,0.84059375,0.147,5.472034722
2010-03-13,0.0,0.0,0.0,0.768,0.817454861,0.21600000000000005,0.750489583,0.131,5.235239583
2010-03-14,0.0,0.0,0.0,0.8959999999999999,0.954854167,0.227,0.6796111109999999,0.12,5.061425087
2010-03-15,0.0,0.0,0.0,1.154,1.0571875,0.24,0.6857291670000001,0.121,5.311309028
2010-03-16,0.0,0.0,0.0,1.443,1.085131944,0.251,0.675913194,0.124,5.52109375
2010-03-17,0.0,0.0,0.0,1.404,1.053402778,0.26,0.6557638889999999,0.122,5.527440972000001
2010-03-18,0.0,0.0,0.0,1.351,0.977326389,0.263,0.640225694,0.12,5.4951979170000005
2010-03-19,,0.0,0.0,1.318,0.961163194,0.26,0.6206215279999999,0.106,5.37653125
2010-03-20,0.0,0.0,0.0,1.205,0.9583125,0.257,0.5785590279999999,0.095,5.207819444
2010-03-21,11.3,13.6,10.2,0.949,0.922871528,0.249,0.543142361,0.085,4.918517361
2010-03-22,1.5,1.4,0.7,1.43,1.114378472,0.274,1.014958333,0.58,9.525795139
2010-03-23,0.0,0.0,0.0,1.177,0.973458333,0.247,0.623697917,0.138,5.414225694
2010-03-24,,0.0,0.6,1.042,0.910878472,0.242,0.584368056,0.103,5.0115625
2010-03-25,0.0,0.0,0.0,0.934,0.903416667,0.236,0.585107639,0.111,4.906728223
2010-03-26,0.0,0.0,0.0,0.922,0.89528125,0.227,0.535888889,0.071,4.663347222
2010-03-27,0.0,0.0,0.0,0.86,0.841090278,0.219,0.495305556,0.054000000000000006,4.313333333
2010-03-28,0.0,0.0,0.0,0.748,0.8054756940000001,0.214,0.462309028,0.043,3.974055556
2010-03-29,0.5,0.2,2.3,0.6859999999999999,0.81075,0.212,0.472684028,0.044,4.007222222
2010-03-30,0.0,,0.0,0.743,0.810145833,0.209,0.492604167,0.094,4.455083333
2010-03-31,0.0,0.0,0.0,0.5920000000000001,0.7204166670000001,0.197,0.453138889,0.053,3.929284722
2010-04-01,0.0,0.0,0.0,0.8370000000000001,0.6730659720000001,0.236,0.58253125,0.044,4.336038194
2010-04-02,0.0,10.4,0.0,0.72,0.651576389,0.212,0.6377152779999999,0.048,4.0575625
2010-04-03,7.2,11.0,,0.5920000000000001,0.637496528,0.195,0.5381006939999999,0.045,3.550694444
2010-04-04,4.3,8.2,9.0,0.941,0.693909722,0.255,1.309635417,0.6579999999999999,9.435850693999999
2010-04-05,0.0,0.0,0.0,0.759,0.541479167,0.204,0.710902778,0.172,4.501090278
2010-04-06,,0.0,0.0,0.6709999999999999,0.437055556,0.196,0.617774306,0.064,4.536326389
2010-04-07,,0.6,0.4,0.635,0.44665625,0.194,0.60390625,0.05,4.874017361
2010-04-08,,0.0,0.0,0.6,0.4322916670000001,0.193,0.591190972,0.051,4.751201388999999
2010-04-09,0.0,12.2,0.0,0.525,0.499079861,0.18600000000000005,0.526847222,0.038,4.553354167
2010-04-10,0.0,0.0,0.0,0.471,0.464982639,0.184,0.488149306,0.032,4.370097222
2010-04-11,0.0,13.7,0.0,0.451,0.456704861,0.18,0.469628472,0.029,4.160138889
2010-04-12,3.0,10.3,3.5,0.448,0.419270833,0.191,0.572461806,0.062,5.242293269
2010-04-13,0.1,10.3,0.0,0.407,0.429086806,0.185,0.5723159720000001,0.081,4.923190972
2010-04-14,,,0.1,0.34700000000000003,0.4068125,0.16899999999999998,0.472440972,0.045,4.452597222
2010-04-15,0.3,10.5,0.0,0.303,0.421520833,0.16699999999999998,0.446666667,0.033,4.416715278
2010-04-16,0.1,13.0,0.0,0.29100000000000004,0.424149306,0.163,0.429701389,0.031,4.3148278389999986
2010-04-17,,11.6,0.0,0.253,0.376347222,0.156,0.393527778,0.018000000000000002,4.085173611
2010-04-18,,12.8,0.0,0.239,0.35300347200000004,0.152,0.375868056,0.013,3.806933333
2010-04-19,7.2,13.1,4.9,0.275,0.506684028,0.159,0.382465278,0.029,5.7980875
2010-04-20,0.0,13.0,0.0,0.344,0.308024306,0.166,0.3673854170000001,0.073,4.371229167
2010-04-21,0.0,12.6,0.0,0.262,0.285829861,0.14,0.35200347200000004,0.025,3.987375
2010-04-22,0.5,14.4,0.2,0.254,,0.14,0.361533101,0.019,3.798304348
2010-04-23,,14.8,0.0,0.234,0.248159722,0.142,0.383184028,0.016,3.781350785
2010-04-24,0.0,,0.0,0.213,0.237177083,0.139,0.323795139,0.012,3.472527778
2010-04-25,0.0,,0.0,0.201,0.297128472,0.134,0.302940972,0.004,3.12244186
2010-04-26,0.0,,0.0,0.193,0.338826389,0.16699999999999998,0.3420625,0.0,3.32061
2010-04-27,0.0,1.9,0.0,0.223,0.379444444,0.171,0.376621528,0.0,4.0127256939999985
2010-04-28,0.0,15.0,0.0,0.19,0.442479167,0.139,0.3103125,0.0,3.3814652780000003
2010-04-29,0.0,,0.0,0.177,0.4718541670000001,0.132,0.27184375,0.0,3.306520833
2010-04-30,1.4,,0.0,0.16899999999999998,0.539854167,0.123,0.26783680600000004,0.0,3.162923611
2010-05-01,3.9,,16.2,0.219,0.596774306,0.121,0.255760417,0.0,3.178475694
2010-05-02,29.1,,24.7,0.374,1.072350694,0.157,0.67415625,0.239,6.762204861
2010-05-03,52.1,2.8,43.4,4.587,5.994913194,0.449,2.273434028,4.9,23.92996875
2010-05-04,10.9,7.0,7.6,12.663,13.24716319,0.68,3.509784722,1.809,26.12410069
2010-05-05,1.1,4.2,0.8,6.5,8.353947917000001,0.573,1.910253472,1.187,19.73517361
2010-05-06,0.0,0.0,0.0,2.052,5.487996527999999,0.5,1.4871770830000002,0.643,14.90068403
2010-05-07,11.9,6.4,9.3,1.7,4.213347222,0.446,1.130204861,0.403,11.64738194
2010-05-08,0.0,,,1.661,3.707402778,0.417,1.7089166669999998,0.588,14.01867361
2010-05-09,0.6,,,1.638,3.167222222,0.364,1.081489583,0.316,9.297756944
2010-05-10,0.0,,,1.618,2.839774306,0.301,0.940795139,0.267,8.407873562999999
2010-05-11,2.2,,,1.584,2.523472222,0.272,0.827986111,0.193,7.415541667
2010-05-12,5.6,0.4,16.8,1.49,2.97153125,0.28,1.061947917,0.451,12.07406316
2010-05-13,27.4,,5.8,4.383,2.7323715280000003,0.362,0.945017857,0.404,9.718090278
2010-05-14,8.9,,3.0,3.359,2.996416667,0.491,1.775614583,1.075,18.44532031
2010-05-15,0.3,0.7,0.4,1.957,3.355222222,0.441,1.4407222219999998,0.423,12.36468056
2010-05-16,0.0,0.0,0.0,1.676,2.887097222,0.392,1.485836806,0.29100000000000004,9.723940972000001
2010-05-17,0.0,0.0,0.0,1.645,2.7657430560000003,0.336,1.301888889,0.222,8.405619717999999
2010-05-18,0.0,0.0,0.0,1.6130000000000002,,0.29,1.116694444,0.192,7.757666667
2010-05-19,0.0,0.0,0.0,1.499,0.897253472,0.272,0.950520833,0.185,7.179833333
2010-05-20,0.0,0.0,0.0,1.197,0.8924444440000001,0.251,0.8268194440000001,0.203,6.4221041670000005
2010-05-21,0.0,0.0,0.0,1.079,0.909677083,0.24,0.7385451390000001,0.156,5.910159722
2010-05-22,0.0,0.3,,0.94,0.8907326390000001,0.225,0.6694375,0.117,5.439204861
2010-05-23,0.0,0.0,0.0,0.85,0.963663194,0.22,0.633881944,0.056,5.026322917
2010-05-24,0.0,0.0,0.0,0.745,0.938538194,0.214,0.596121528,0.035,4.911322917
2010-05-25,0.0,0.0,0.0,0.685,0.924673611,0.193,0.562819444,0.031,4.731139286
2010-05-26,0.0,0.0,0.0,0.6559999999999999,0.988420139,0.187,0.526645833,0.03,4.599263889
2010-05-27,0.1,0.1,0.8,0.485,1.077538194,0.188,0.511957295,0.022,4.584694444
2010-05-28,,0.0,,0.743,1.878736111,0.236,0.747934028,0.02,5.4159375
2010-05-29,0.0,0.0,,0.496,2.644569444,0.246,0.5965243060000001,0.036000000000000004,4.137677083
2010-05-30,0.0,0.0,0.0,0.389,2.419916667,0.215,0.476399306,0.026,4.347729167
2010-05-31,0.0,0.0,0.0,0.382,2.422715278,0.201,0.460496528,0.011,4.407027778
2010-06-01,0.0,0.0,0.0,0.339,2.496913194,0.191,0.462364583,0.032,4.403898182
2010-06-02,0.0,0.0,0.0,0.32299999999999995,2.509118056,0.19,0.4304375,0.008,4.3074652780000005
2010-06-03,0.0,0.0,0.0,0.305,,0.179,0.410184028,0.006999999999999999,4.181347222
2010-06-04,0.0,0.0,0.0,0.271,,0.16899999999999998,0.372513889,0.003,3.977423611
2010-06-05,0.7,0.0,0.2,0.251,0.8911319440000001,0.16899999999999998,0.352145833,0.0,3.804513889
2010-06-06,5.4,1.5,7.0,0.257,0.8394826390000001,0.179,0.391309028,0.027000000000000003,4.563347222
2010-06-07,0.0,0.0,0.0,0.262,,0.17600000000000002,0.3618125,0.016,3.5721111110000003
2010-06-08,,0.0,0.0,0.249,,0.163,0.3720625,0.0,4.087310078
2010-06-09,18.5,,,0.545,,0.205,0.454378472,0.122,8.267552083
2010-06-10,1.0,,,0.594,0.411489583,0.224,0.520013889,0.135,7.564899306
2010-06-11,3.6,,2.0,0.579,0.471229167,0.235,0.527979167,0.267,7.107019305
2010-06-12,0.0,0.0,0.0,0.369,0.397631944,0.218,0.4355625,0.099,4.713864583
2010-06-13,0.0,0.0,0.0,0.316,0.311309028,0.195,0.367611111,0.034,3.886340278
2010-06-14,5.9,4.4,9.0,0.28600000000000003,0.462190972,0.175,0.35229166700000003,0.019,3.908288194
2010-06-15,0.0,0.1,0.0,0.775,0.735336806,0.227,0.421395833,0.231,6.859104167000001
2010-06-16,0.0,0.0,0.8,0.343,0.399475694,0.195,0.336357639,0.051,4.3683819439999985
2010-06-17,0.0,0.0,0.0,0.289,0.409416667,0.17600000000000002,0.27690625,0.032,4.005659722
2010-06-18,0.0,0.0,0.0,0.4,0.3978125,0.171,0.296989583,0.012,3.740368056
2010-06-19,0.6,0.8,13.9,0.745,0.509625,0.23,0.504888889,0.011,5.781458333
2010-06-20,0.0,0.0,0.0,0.34,0.499579861,0.199,0.370666667,0.032,4.063131943999998
2010-06-21,0.0,0.0,0.0,0.29,0.455013889,0.182,0.3855104170000001,0.009000000000000001,3.832104167
2010-06-22,0.0,0.0,0.0,0.267,0.4567291670000001,0.16699999999999998,0.34304166700000005,0.005,3.495140794
2010-06-23,0.0,0.0,0.0,0.266,0.492052083,0.152,0.299909722,0.004,3.438966038
2010-06-24,0.0,0.0,0.0,0.23,0.515767361,0.14400000000000002,0.290413194,0.001,3.031340278
2010-06-25,0.0,0.0,0.0,0.201,0.550184028,0.134,0.277496528,0.0,2.8704930560000004
2010-06-26,0.0,0.0,0.0,0.193,0.657090278,0.125,0.27903125,0.0,2.449611111
2010-06-27,0.0,0.0,0.0,0.16899999999999998,0.707684028,0.125,0.261472222,0.0,2.357263889
2010-06-28,,0.0,0.3,0.513,0.7571527779999999,0.119,0.300006944,0.0,2.455275
2010-06-29,0.0,0.0,0.0,0.312,0.613340278,0.115,0.262364583,0.0,2.87982659
2010-06-30,0.0,0.0,0.0,0.26,0.438625,0.118,0.25711805600000004,0.0,2.888606557
2010-07-01,0.0,0.0,0.0,0.212,0.448256944,0.115,0.244989583,0.0,2.896615385
2010-07-02,0.0,0.0,0.0,0.193,0.45884375,0.104,0.228663194,0.0,2.785019355
2010-07-03,0.0,0.0,0.0,0.147,0.518847222,0.075,0.1520625,0.0,2.471458333
2010-07-04,0.5,0.0,1.1,0.51,0.556072917,0.085,0.13938888900000002,0.0,2.637846154
2010-07-05,0.0,,0.0,0.366,0.60140625,0.109,0.155677083,0.0,3.608258065
2010-07-06,0.0,0.0,0.0,0.194,0.559586806,0.08800000000000001,0.132920139,0.0,3.500722222
2010-07-07,0.0,0.0,0.0,0.141,0.522079861,0.087,0.12691666699999998,0.0,3.586598802
2010-07-08,0.0,0.0,0.0,0.128,0.511142361,0.09,0.12716666699999998,0.0,3.2993333330000003
2010-07-09,0.1,0.0,0.0,0.112,0.386489583,0.085,0.107458333,0.0,4.314285299
2010-07-10,0.0,0.0,0.0,0.107,0.233725694,0.08,0.092576389,0.0,3.921888173
2010-07-11,0.0,0.0,0.0,0.092,0.239236111,0.081,0.08636458300000001,0.0,3.627089747
2010-07-12,0.0,0.0,0.0,0.087,0.249829861,0.08199999999999999,0.0761875,0.0,3.736573498
2010-07-13,0.0,0.0,0.0,0.091,0.270642361,0.084,0.0635,0.0,3.677793295
2010-07-14,0.0,0.0,0.0,0.08199999999999999,0.256522807,0.071,0.058798611,0.0,3.731936889
2010-07-15,0.0,0.0,0.0,0.075,0.221805556,0.067,0.059329861,0.0,3.82018197
2010-07-16,0.0,0.0,0.0,0.075,0.181263889,0.046,0.07239583299999999,0.0,3.774563737
2010-07-17,0.0,0.0,0.0,0.071,0.166677083,0.029,0.05825,0.0,3.725056752
2010-07-18,0.0,0.0,0.0,0.066,0.143211806,0.023,0.062986111,0.0,3.53076801
2010-07-19,0.0,0.0,0.0,0.064,0.1255,0.023,0.075913194,0.0,3.979023151
2010-07-20,0.0,0.0,0.0,0.066,0.107736111,0.034,0.076725694,0.0,4.08994136
2010-07-21,0.0,0.0,0.0,0.065,0.08303125,0.049,0.091142361,0.0,4.180491138
2010-07-22,,0.0,0.2,0.058,0.091923611,0.054000000000000006,0.091388889,0.0,4.150128849
2010-07-23,0.0,0.0,0.0,0.061,0.070020833,0.057,0.101472222,0.0,4.181837255
2010-07-24,0.0,0.0,0.0,0.063,0.077805556,0.049,0.096888889,0.0,3.71354005
2010-07-25,0.0,0.0,0.0,0.056,0.071850694,0.04,0.070489583,0.0,3.437886319
2010-07-26,0.0,0.0,0.0,0.053,0.055416667,0.041,0.083857639,0.0,3.704799329
2010-07-27,0.0,0.0,0.0,0.055,0.047145833,0.043,0.07372569400000001,0.0,3.925415188
2010-07-28,0.0,0.0,0.0,0.05,0.044295139,0.045,0.061854167,0.0,3.895155277
2010-07-29,12.2,10.0,32.9,0.421,0.045972222,0.104,0.3865104170000001,0.482,6.325554226
2010-07-30,0.2,0.0,0.0,0.15,0.070899306,0.139,0.585878472,0.099,3.43
2010-07-31,0.0,0.0,0.0,0.084,0.03725,0.08800000000000001,0.146072917,0.0,2.87
2010-08-01,0.2,0.4,1.6,0.059,0.023972222,0.077,0.134819444,0.0,3.111798917
2010-08-02,1.0,0.3,1.2,0.133,0.028482639,0.107,0.200652482,0.0,3.586536439
2010-08-03,0.0,0.0,0.0,0.767,0.020831633,0.14300000000000002,,0.0,6.998650346
2010-08-04,0.0,0.0,0.0,0.109,0.016639423,0.116,,0.0,4.724619354
2010-08-05,0.4,0.0,2.2,0.087,0.014284722,0.08800000000000001,0.122590278,0.0,4.215340483
2010-08-06,0.0,0.0,0.0,0.245,0.012809028,0.087,0.350861111,0.002,5.1272562630000005
2010-08-07,0.0,0.0,0.0,0.1,0.013149306,0.08900000000000001,0.150961806,0.0,3.827361258
2010-08-08,0.0,0.0,0.0,0.075,0.013451389,0.076,0.131197917,0.0,3.552904047
2010-08-09,,0.0,,0.067,0.045788194,0.063,0.129326389,0.0,2.926734715
2010-08-10,0.0,0.0,,0.064,0.076520833,0.06,0.103802083,0.0,2.279333025
2010-08-11,0.0,0.0,0.0,0.064,0.077100694,0.068,0.099319444,0.0,2.305806562
2010-08-12,8.5,5.9,,0.067,0.10875,0.096,0.12923958300000002,0.012,4.374063446
2010-08-13,5.6,19.7,,0.069,0.092430556,0.087,0.171336806,0.024,3.910371471
2010-08-14,0.2,0.0,0.0,0.069,0.08196875,0.097,0.5218645829999999,0.0,4.532424542
2010-08-15,0.0,0.0,0.0,0.063,0.075243056,0.094,0.228614583,0.0,2.390761151
2010-08-16,0.0,0.0,0.0,0.049,0.071416667,0.083,0.155729167,0.0,2.168802309
2010-08-17,0.0,0.0,0.0,0.05,0.08465625,0.07400000000000001,0.13428125,0.0,2.079510263
2010-08-18,,0.0,0.0,0.049,0.088888889,0.071,0.131291667,0.0,2.088035624
2010-08-19,8.6,7.0,28.0,0.215,0.231496528,0.128,0.155243056,0.467,5.098090493
2010-08-20,0.0,0.0,0.0,0.314,0.255069444,0.125,0.34603125,0.211,6.085986752
2010-08-21,0.0,0.0,0.0,0.069,0.08783333300000001,0.085,0.15190625,0.0,2.608980752
2010-08-22,0.0,0.0,0.0,0.047,0.087,0.07,0.114236111,0.0,2.136495644
2010-08-23,0.0,0.0,0.0,0.039,0.077524306,0.079,0.095672474,0.0,2.178823341
2010-08-24,0.0,0.0,0.0,0.041,0.084392361,0.078,0.072606061,0.0,2.2
2010-08-25,0.0,0.0,0.0,0.041,0.079419929,0.07400000000000001,0.064288194,0.0,2.395135135
2010-08-26,0.0,0.0,0.0,0.04,0.085621528,0.07,0.050791667,0.0,2.279590278
2010-08-27,0.0,,0.0,0.036000000000000004,0.0958125,0.064,0.041875,0.0,2.230923611
2010-08-28,0.0,,0.0,0.034,0.087409722,0.064,0.043934028,0.0,2.122048611
2010-08-29,0.0,,0.0,0.036000000000000004,0.0915,0.069,0.085142361,0.0,2.128701389
2010-08-30,0.0,0.0,,0.036000000000000004,0.088482639,0.068,0.076878472,0.0,2.309479167
2010-08-31,0.0,0.0,0.0,0.038,0.091850694,0.062,0.077180556,0.0,2.431902778
2010-09-01,,0.0,0.0,0.037000000000000005,0.10397048,0.066,0.08692013900000001,0.0,2.510027778
2010-09-02,0.0,0.0,0.0,0.036000000000000004,0.117375,0.066,0.091958333,0.0,2.536458333
2010-09-03,0.0,0.0,0.0,0.035,0.115802083,0.058,0.061173611,0.0,2.520444444
2010-09-04,0.0,0.0,0.0,0.034,0.110875,0.056,0.05103125,0.0,2.356215278
2010-09-05,0.0,0.0,0.0,0.034,0.102427083,0.062,0.055416667,0.0,2.235104167
2010-09-06,0.1,0.3,2.6,0.036000000000000004,0.095427083,0.06,0.07371180599999999,0.0,2.426861111
2010-09-07,1.9,,0.7,0.052000000000000005,0.105972222,0.078,0.16028125,0.0,3.675847222
2010-09-08,0.0,0.0,0.0,0.07200000000000001,0.113385417,0.08,0.226788194,0.011,3.827989583
2010-09-09,,0.0,0.0,0.046,0.097097222,0.071,0.120267361,0.0,2.817819444
2010-09-10,0.0,0.0,0.0,0.05,0.08390972199999999,0.051,0.259295139,0.0,2.7919375
2010-09-11,0.0,0.0,0.0,0.044,0.08860069400000001,0.054000000000000006,0.128034722,0.0,2.5519375
2010-09-12,0.0,0.0,0.0,0.042,0.081944444,0.051,0.097708333,0.0,2.314944444
2010-09-13,0.0,0.0,0.0,0.04,0.060430556,0.037000000000000005,0.084375,0.0,2.5030208330000003
2010-09-14,0.0,0.0,0.0,0.046,0.054190972,0.055,0.1024375,0.0,2.573895833
2010-09-15,0.0,0.0,,0.049,0.06510763900000001,0.055,0.08620833300000001,0.0,2.567118056
2010-09-16,41.8,11.9,0.0,0.051,0.063680556,0.066,0.08993402800000001,0.0,2.587638889
2010-09-17,33.8,18.0,57.3,0.454,1.4003715280000002,0.297,1.170878472,1.252,10.57291319
2010-09-18,0.1,,0.8,0.5920000000000001,0.970590278,0.233,1.937423611,0.763,13.77184028
2010-09-19,0.0,,0.0,0.122,0.167020833,0.147,0.36096875,0.016,3.655194444
2010-09-20,9.9,,,0.114,0.105996528,0.132,0.279927083,0.0,4.830141304
2010-09-21,5.2,,1.1,0.428,0.08543402800000001,0.14800000000000002,0.327798611,0.012,6.153729167000001
2010-09-22,0.0,0.0,0.0,0.224,0.17227430600000002,0.135,0.261215278,0.002,4.415131944
2010-09-23,1.8,21.0,0.0,0.116,0.08115625,0.14300000000000002,0.218145833,0.0,4.197336806
2010-09-24,0.0,1.7,0.0,0.102,0.070163194,0.133,0.211291667,0.0,3.656951389
2010-09-25,0.9,0.0,0.0,0.091,0.05834375,0.12,0.203371528,0.0,3.3567986110000003
2010-09-26,0.0,0.1,0.0,0.083,0.05671875,0.112,0.194440972,0.0,3.126076389
2010-09-27,0.0,0.0,0.0,0.07400000000000001,0.056614583,0.097,0.184326389,0.0,3.2280833330000003
2010-09-28,0.0,0.0,0.0,0.071,0.054475694000000005,0.093,0.174746528,0.0,3.285444444
2010-09-29,0.0,,0.0,0.069,0.050930556,0.083,0.151881944,0.0,3.187597222
2010-09-30,0.0,,0.0,0.068,0.049225694,0.08800000000000001,0.14118402800000002,0.0,3.316861111
2010-10-01,0.0,0.0,0.0,0.067,0.054107639000000006,0.08800000000000001,0.135704861,0.0,3.185513889
2010-10-02,0.0,0.0,0.0,0.067,0.053909722,0.08900000000000001,0.121899306,0.0,2.890875
2010-10-03,0.1,0.1,0.0,0.067,0.056017361,0.091,0.13414583300000002,0.0,2.769715278
2010-10-04,0.0,0.0,0.0,0.065,0.055354167,0.08199999999999999,0.123916667,0.0,2.834229167
2010-10-05,0.0,0.0,0.0,0.06,0.050236110999999986,0.08,0.176979167,0.0,2.9398680560000003
2010-10-06,0.0,0.0,0.0,0.054000000000000006,0.055694444,0.084,0.161659722,0.0,3.023576389
2010-10-07,0.0,0.0,0.0,0.052000000000000005,0.048253472,0.079,0.142809028,0.0,2.890194444
2010-10-08,0.0,0.0,0.0,0.053,0.053572917000000005,0.079,0.142444444,0.0,2.859465278
2010-10-09,57.0,,70.3,0.054000000000000006,0.051649306,0.08900000000000001,0.153357639,0.0,2.775548611
2010-10-10,2.9,2.4,3.1,1.999,5.358746528,0.35600000000000004,2.0046875,2.532,28.54599306
2010-10-11,25.5,14.6,19.9,1.37,0.444125,0.181,0.8197847220000001,0.935,10.52683333
2010-10-12,3.7,2.6,7.5,2.02,0.675815972,0.299,4.670100693999999,1.419,20.76452962
2010-10-13,0.5,0.3,0.6,1.616,0.378454861,0.234,3.259486111,0.625,14.72960069
2010-10-14,0.0,0.0,0.0,1.032,0.214059028,0.195,1.418045139,0.135,7.314135417
2010-10-15,0.0,0.0,0.0,0.547,0.157072917,0.182,0.933420139,0.032,5.657857639
2010-10-16,0.0,0.0,0.0,0.301,0.126329861,0.172,0.7456006940000001,0.008,4.828048611
2010-10-17,0.0,0.0,0.0,0.185,0.106673611,0.16399999999999998,0.65675,0.0,4.305104167
2010-10-18,0.0,0.0,0.0,0.146,0.089888889,0.157,0.5935625,0.0,4.151819444
2010-10-19,0.0,0.0,0.0,0.132,0.07998263900000001,0.152,0.554263889,0.0,3.995722222
2010-10-20,0.0,0.0,0.0,0.126,0.07053472200000001,0.145,0.505552083,0.0,3.872486111
2010-10-21,,0.0,0.0,0.128,0.06828125,0.14,0.472423611,0.0,3.719819444
2010-10-22,0.0,0.0,0.0,0.122,0.07246180599999999,0.13699999999999998,0.449211806,0.0,3.620340278
2010-10-23,0.0,0.0,0.0,0.121,0.116756944,0.135,0.422336806,0.0,3.4899027780000003
2010-10-24,0.0,0.0,0.0,0.113,0.166944444,0.132,0.401715278,0.0,3.266590278
2010-10-25,,0.0,0.0,0.106,0.112447917,0.125,0.394409722,0.0,3.281652778
2010-10-26,0.0,0.0,0.0,0.106,0.119552083,0.122,0.386920139,0.0,3.247763889
2010-10-27,0.0,0.0,0.0,0.108,0.122513889,0.12,0.390527778,0.0,3.253965278
2010-10-28,0.0,0.0,0.0,0.107,0.114253472,0.107,0.3741284720000001,0.0,3.296868056
2010-10-29,0.0,0.0,0.0,0.11,0.107454861,0.098,0.36696875,0.0,3.247479167
2010-10-30,1.7,4.5,5.9,0.111,0.104538194,0.098,0.35478125,0.0,3.114979167
2010-10-31,0.1,0.5,0.4,0.233,0.209701389,0.14,0.592145833,0.152,6.511527778
2010-11-01,0.0,0.0,0.0,0.14800000000000002,0.123934028,0.109,0.39315625,0.005,3.534506944
2010-11-02,0.0,0.0,0.0,0.123,0.101649306,0.101,0.334711744,0.0,3.289055556
2010-11-03,0.0,0.0,0.0,0.12,0.105079861,0.099,0.328902778,0.0,3.252
2010-11-04,0.0,0.0,0.0,0.113,0.103631944,0.097,0.32755902800000003,0.0,3.211576389
2010-11-05,0.0,0.0,0.0,0.11,0.103711806,0.097,0.325041667,0.0,3.163215278
2010-11-06,0.0,0.0,0.0,0.108,0.107006944,0.097,0.32495486100000004,0.0,3.056333333
2010-11-07,0.0,18.2,0.0,0.103,0.106125,0.098,0.327190972,0.0,2.929354167
2010-11-08,,0.0,0.4,0.11,0.10302807,0.101,0.331642361,0.0,2.7847142860000003
2010-11-09,0.0,0.0,0.0,0.114,0.11015625,0.103,0.329708333,0.0,3.903042629
2010-11-10,0.0,0.0,0.0,0.111,0.110177083,0.1,0.32552430600000004,0.0,3.860415737
2010-11-11,0.0,0.0,0.0,0.106,0.104982639,0.099,0.324986111,0.0,3.716082686
2010-11-12,0.0,0.0,0.0,0.112,0.103503472,0.095,0.32475,0.0,3.617966126
2010-11-13,0.0,0.0,0.0,0.107,0.099145833,0.094,0.28942708300000003,0.0,3.493076879
2010-11-14,0.0,0.0,0.0,0.109,0.096065972,0.096,0.268125,0.0,3.3659441460000004
2010-11-15,0.0,0.0,0.0,0.109,0.097423611,0.095,0.268253472,0.0,3.410814522
2010-11-16,0.0,0.0,0.0,0.11,0.097958333,0.095,0.261111111,0.0,3.43938199
2010-11-17,0.1,0.2,0.0,0.109,0.091427083,0.092,0.267315972,0.0,3.516974126
2010-11-18,0.0,0.0,0.0,0.121,0.090392361,0.09,0.276829861,0.0,3.601332902
2010-11-19,0.8,0.8,0.1,0.118,0.08971180599999999,0.091,0.269510417,0.0,3.792711348
2010-11-20,1.4,1.4,2.2,0.128,0.094274306,0.095,0.301788194,0.0,4.1611595
2010-11-21,0.0,0.0,0.0,0.141,0.091736111,0.096,0.305003472,0.0,3.6460475
2010-11-22,0.0,0.0,0.0,0.115,0.080989583,0.093,0.280572917,0.0,4.066113772
2010-11-23,0.0,0.0,0.0,0.112,0.096145833,0.08900000000000001,0.271881944,0.0,3.823295139
2010-11-24,0.0,0.0,0.0,0.125,0.079819444,0.08800000000000001,0.271892361,0.0,3.802260417
2010-11-25,0.0,0.0,0.0,0.124,0.077420139,0.087,0.271947917,0.0,3.841243056
2010-11-26,1.1,,0.7,0.123,0.07121875,0.087,0.269125,0.0,3.834649306
2010-11-27,0.0,0.0,0.0,0.131,0.072767361,0.092,0.269840278,0.0,3.904774306
2010-11-28,0.0,,0.0,0.121,0.06685763900000001,0.08900000000000001,0.272416667,0.0,3.558947917
2010-11-29,7.0,4.9,10.6,0.127,0.066440972,0.08900000000000001,0.274545139,0.0,3.688440972
2010-11-30,3.8,1.2,8.3,0.174,0.107180556,0.116,0.484368056,0.13699999999999998,9.235163194
2010-12-01,0.0,0.0,0.1,0.198,0.092569444,0.098,0.332340278,0.009000000000000001,4.598454861
2010-12-02,0.0,0.0,0.0,0.16,0.075305556,0.099,0.302340278,0.0,4.118597222
2010-12-03,0.0,0.0,0.0,0.14800000000000002,0.073305556,0.096,0.29668055600000004,0.0,4.014288194
2010-12-04,0.0,0.0,0.0,0.145,0.07263541700000001,0.092,0.289097222,0.0,3.856052083
2010-12-05,,0.0,0.0,0.139,0.06580902799999999,0.084,0.274,0.0,3.528190972
2010-12-06,,0.0,0.3,0.147,0.066784722,0.08199999999999999,0.25753125,0.0,3.3738368060000004
2010-12-07,0.4,1.8,0.8,0.15,0.072972222,0.081,0.253451389,0.0,3.367604167
2010-12-08,0.6,0.5,0.2,0.172,0.07591666700000001,0.08199999999999999,0.253829861,0.0,3.495413194
2010-12-09,0.8,0.8,0.0,0.162,0.084,0.08199999999999999,0.249215278,0.0,3.413197917
2010-12-10,0.0,0.0,0.0,0.16,0.101336806,0.08,0.251059028,0.0,3.473979167
2010-12-11,0.0,0.0,0.0,0.153,0.082423611,0.084,0.270361111,0.0,3.531684028
2010-12-12,0.0,0.0,0.0,0.146,0.075732639,0.097,0.2851875,0.0,3.441909722
2010-12-13,,0.0,0.0,0.152,0.077329861,0.094,0.277576389,0.0,3.562013889
2010-12-14,0.0,0.0,0.0,0.168,0.076815972,0.091,0.243670139,0.0,3.5372361110000003
2010-12-15,0.0,0.0,0.0,0.16399999999999998,0.078350694,0.095,0.258173611,0.0,3.646590278
2010-12-16,0.0,0.0,0.0,0.157,0.078888889,0.096,0.26467361100000003,0.0,3.738795139
2010-12-17,0.0,,0.0,0.16699999999999998,0.07653125,0.096,0.266840278,0.0,3.751131944
2010-12-18,,0.0,0.0,0.154,0.074006944,0.096,0.270402778,0.0,3.727399306
2010-12-19,,0.0,0.0,0.155,0.075309028,0.095,0.265701389,0.0,3.5761145830000003
2010-12-20,0.0,0.0,0.0,0.153,0.077805556,0.092,0.256586806,0.0,3.607760417
2010-12-21,8.2,4.8,7.5,0.204,0.091260417,0.114,0.393972222,0.071,6.4719861110000005
2010-12-22,11.0,11.7,14.8,0.338,0.105131944,0.133,0.552038194,0.181,7.486368056
2010-12-23,0.8,0.9,0.0,1.176,0.512836806,0.231,1.22021875,0.908,12.55045139
2010-12-24,0.2,0.0,0.0,0.458,0.136940972,0.151,0.5604444439999999,0.039,4.813989583
2010-12-25,0.0,0.0,0.0,0.302,0.101895833,0.15,0.429204861,0.023,4.0023368060000015
2010-12-26,0.0,0.0,0.0,0.25,0.095111111,0.14400000000000002,0.392430556,0.014,3.741784722
2010-12-27,0.0,0.0,0.0,0.238,0.090177083,0.13,0.380753472,0.006999999999999999,3.674486111
2010-12-28,0.0,0.0,0.0,0.234,0.090659722,0.12,0.366378472,0.004,3.666427083
2010-12-29,,0.0,,0.223,0.090461806,0.111,0.34247222200000005,0.0,3.5794548610000003
2010-12-30,8.9,4.4,,0.211,0.096534722,0.105,0.329378472,0.0,3.399503472
2010-12-31,1.9,1.0,,0.214,0.102444444,0.106,0.387131944,0.011,5.136388889
